{"type":"FeatureCollection","features":[{"type":"Feature","properties":{"id":"osm-rel-445764","ref":"EWL","name":"MRT East-West Line (Tuas Link → Pasir Ris)","route":"subway","colour":"#009645","source":"osm-overpass"},"geometry":{"type":"LineString","coordinates":[[103.637963,1.3434265],[103.637863,1.3431453],[103.6377794,1.3429092],[103.6376867,1.3426534],[103.6375867,1.3423643],[103.6374914,1.3420929],[103.6374148,1.3418856],[103.6373434,1.3416867],[103.6372282,1.341361],[103.6371205,1.3410559],[103.6368394,1.3402918],[103.6365011,1.3393344],[103.6364388,1.3391517],[103.6357124,1.3371122],[103.6355296,1.3366001],[103.6354703,1.3364269],[103.6354213,1.3362703],[103.6353803,1.3361117],[103.6353498,1.3359726],[103.635324,1.3358058],[103.635309,1.3356831],[103.6352975,1.3355109],[103.6352949,1.3353437],[103.635301,1.3351485],[103.6353145,1.3349855],[103.6353388,1.3348171],[103.6353739,1.3346385],[103.6354219,1.3344729],[103.6354795,1.3342922],[103.6355373,1.3341444],[103.635598,1.3340038],[103.6356616,1.3338784],[103.6357462,1.333736],[103.6358271,1.3335999],[103.6359352,1.3334521],[103.6360007,1.3333688],[103.6361264,1.3332217],[103.6370312,1.3324107],[103.6374242,1.3320514],[103.6378359,1.3316693],[103.6383817,1.3312248],[103.6390369,1.3306637],[103.6396184,1.3301092],[103.6403277,1.3294329],[103.6409647,1.328782],[103.6411806,1.3285614],[103.6424755,1.3273239],[103.6462493,1.3237368],[103.6471807,1.3228009],[103.6475596,1.3224651],[103.6480873,1.322036],[103.6483166,1.3218336],[103.6489658,1.3212156],[103.6495796,1.3206497],[103.6498075,1.3204327],[103.6501524,1.320068],[103.6505098,1.3196992],[103.6518842,1.3183864],[103.6534962,1.3168562],[103.6537229,1.3166615],[103.6538854,1.3165403],[103.6541499,1.3163795],[103.6543126,1.3162909],[103.6544798,1.3162168],[103.6547206,1.3161251],[103.6549741,1.3160571],[103.655148,1.3160186],[103.6553816,1.3159878],[103.6556403,1.3159741],[103.6559009,1.3159828],[103.6560947,1.316003],[103.6563426,1.3160455],[103.6566182,1.3161161],[103.6568782,1.3162138],[103.6570748,1.3163001],[103.6572864,1.3164204],[103.6575306,1.3165791],[103.6577652,1.3167676],[103.6578548,1.3168513],[103.6583782,1.3173827],[103.6587113,1.3177467],[103.659084,1.3181075],[103.6601055,1.3192119],[103.6605592,1.3196767],[103.6612473,1.3204022],[103.6614969,1.3206603],[103.6618352,1.3210125],[103.6620325,1.3212282],[103.6621848,1.3214177],[103.6628137,1.3222164],[103.6631058,1.3226015],[103.6634275,1.3230758],[103.6638568,1.3237242],[103.6644179,1.3245218],[103.6649734,1.3253869],[103.6652942,1.3258492],[103.6653937,1.3259803],[103.6655909,1.3262016],[103.6657616,1.3263697],[103.665969,1.326541],[103.6661619,1.3266727],[103.6663242,1.3267679],[103.6664878,1.3268544],[103.6666819,1.326935],[103.6668661,1.3270048],[103.6670894,1.3270676],[103.6673114,1.3271148],[103.667541,1.3271457],[103.6678301,1.3271714],[103.668598,1.3272255],[103.6695783,1.3273008],[103.6714862,1.3274349],[103.6724237,1.3275025],[103.6728029,1.3275173],[103.6732993,1.3275355],[103.6752352,1.3276781],[103.6758764,1.3277251],[103.6762596,1.3277532],[103.67658,1.3277764],[103.6767883,1.3277904],[103.6769679,1.3278036],[103.6772555,1.3278106],[103.6775018,1.3278132],[103.6775977,1.3278129],[103.6782483,1.3278108],[103.6789561,1.3278092],[103.6795374,1.3278099],[103.6798767,1.3277914],[103.6802798,1.3277727],[103.6809093,1.3277684],[103.6826921,1.3277731],[103.6828818,1.3277736],[103.6845755,1.3277652],[103.6852196,1.3277687],[103.6854399,1.3277864],[103.6855213,1.3277962],[103.685693,1.3278246],[103.6859322,1.3278749],[103.6862018,1.3279585],[103.6863975,1.3280349],[103.6866057,1.3281414],[103.6869101,1.3283147],[103.6872401,1.3285731],[103.6874692,1.3288202],[103.6877265,1.3291441],[103.6879864,1.3296115],[103.6881666,1.3300901],[103.6883924,1.3308041],[103.6885052,1.3310709],[103.6886464,1.3313377],[103.6887973,1.331586],[103.6891482,1.3320496],[103.6910274,1.3345343],[103.6914812,1.3351007],[103.6921987,1.3359571],[103.6924057,1.3361954],[103.6926206,1.3364213],[103.6928087,1.3365861],[103.6931438,1.3368338],[103.6934255,1.336988],[103.6939389,1.3372181],[103.6944825,1.33736],[103.6951124,1.3374642],[103.6954451,1.3375374],[103.6958041,1.3375998],[103.6961683,1.337639],[103.6974081,1.3376503],[103.6983633,1.3376569],[103.6996522,1.3376266],[103.7017551,1.3376075],[103.70271,1.3376291],[103.7032966,1.3377149],[103.703943,1.3379246],[103.70506,1.3383503],[103.7057788,1.3386173],[103.7066597,1.3389444],[103.7072828,1.3391843],[103.7078782,1.3394643],[103.7099021,1.3404726],[103.710543,1.340733],[103.7158279,1.3426518],[103.7173959,1.3432911],[103.7187485,1.3437555],[103.7195078,1.3440157],[103.7206767,1.344307],[103.7214013,1.34449],[103.7223709,1.3447424],[103.7228085,1.3448006],[103.7231152,1.3448298],[103.7235112,1.3448451],[103.7239425,1.3448231],[103.7246248,1.3447343],[103.7250592,1.3446312],[103.726596,1.3442202],[103.726876,1.3441708],[103.7270658,1.3441453],[103.7273935,1.344121],[103.7279485,1.3441155],[103.7289293,1.3441118],[103.7293007,1.3440734],[103.7295437,1.344048],[103.7302228,1.3438862],[103.7308472,1.3436381],[103.7313946,1.3433217],[103.7319335,1.3429282],[103.7325877,1.3424559],[103.7326689,1.3423973],[103.7333946,1.3418556],[103.7343669,1.3411453],[103.7344684,1.3410704],[103.7349518,1.3407135],[103.7354215,1.3403666],[103.7363775,1.3396488],[103.7375166,1.3387985],[103.7384184,1.3380866],[103.7392265,1.3374473],[103.7396015,1.3371416],[103.740113,1.3367203],[103.7402477,1.3365955],[103.7403733,1.3364646],[103.7405182,1.3363025],[103.7406577,1.3361245],[103.7408154,1.3359053],[103.7409732,1.3356337],[103.7411244,1.3353583],[103.7413235,1.3349995],[103.7415465,1.3345957],[103.741841,1.3340632],[103.742017,1.3337612],[103.7423561,1.3331397],[103.7427493,1.3324202],[103.7428941,1.3321628],[103.7430283,1.3319445],[103.7431278,1.3317998],[103.7432753,1.3315992],[103.7434585,1.3313934],[103.7436416,1.3312142],[103.7437935,1.3310873],[103.7439419,1.3309724],[103.7442279,1.3307859],[103.7445273,1.3306057],[103.7450024,1.3303265],[103.7452504,1.3301851],[103.7455074,1.3300498],[103.7458325,1.3298871],[103.7463559,1.3296185],[103.7465104,1.329542],[103.7472846,1.3291451],[103.747755,1.3289133],[103.7483691,1.3286424],[103.748813,1.3284694],[103.7493382,1.3283509],[103.7499218,1.3282823],[103.7509426,1.3283318],[103.7514077,1.3283036],[103.7519152,1.3282438],[103.7524004,1.3281347],[103.7533495,1.3277682],[103.7537332,1.3276354],[103.7543944,1.3274592],[103.754956,1.327301],[103.7554005,1.3272031],[103.7559699,1.3270792],[103.7565302,1.3269674],[103.7575619,1.326742],[103.7577185,1.3266941],[103.757907,1.3266315],[103.7580796,1.326561],[103.7581867,1.3265098],[103.7582875,1.3264587],[103.7586926,1.3262413],[103.758811,1.3261659],[103.7589321,1.3260852],[103.7590449,1.325999],[103.7592146,1.3258543],[103.7593449,1.3257144],[103.7594634,1.325576],[103.7596002,1.3253987],[103.7597154,1.3252387],[103.7598117,1.3250789],[103.7599176,1.3248742],[103.760009,1.3246677],[103.7602473,1.3241274],[103.7604988,1.3235504],[103.7608478,1.3227883],[103.7611605,1.3220977],[103.7613158,1.3217712],[103.7614287,1.3215453],[103.7616033,1.3212395],[103.7618952,1.3208011],[103.7625237,1.3198771],[103.7632725,1.3187607],[103.764079,1.3175645],[103.7644433,1.3170059],[103.764767,1.3163613],[103.7650167,1.3157888],[103.7653001,1.3151289],[103.7656934,1.3142129],[103.7659997,1.313638],[103.7662178,1.3133229],[103.7665587,1.3129295],[103.7670016,1.3125498],[103.7673521,1.312309],[103.7676676,1.3121641],[103.7679948,1.3120334],[103.7682308,1.3119683],[103.7684601,1.3119157],[103.7686975,1.3118772],[103.7689792,1.3118584],[103.7692675,1.3118521],[103.7700722,1.3119275],[103.7707361,1.3119972],[103.7726173,1.3122093],[103.773919,1.3123778],[103.7749621,1.3124907],[103.7751518,1.3125133],[103.7757938,1.3125605],[103.7763182,1.3125104],[103.7768179,1.3123999],[103.7772489,1.3122194],[103.7776307,1.3120307],[103.7779935,1.311821],[103.7786212,1.3114347],[103.7794241,1.3109303],[103.780536,1.3102898],[103.7832034,1.3086628],[103.7835034,1.3084767],[103.7837532,1.30835],[103.7843417,1.3080776],[103.7846457,1.3080271],[103.7851125,1.3079547],[103.7863275,1.3077593],[103.7868709,1.3077208],[103.7874616,1.3076792],[103.7880374,1.3075994],[103.7885463,1.3075208],[103.7889934,1.3074584],[103.789336,1.3074121],[103.789869,1.3073598],[103.7907117,1.3072772],[103.791407,1.3072028],[103.7918599,1.3071438],[103.7922842,1.3070713],[103.792632,1.3069753],[103.7930664,1.306825],[103.7932949,1.306709],[103.7936594,1.3065165],[103.7938788,1.3063709],[103.7941372,1.3061759],[103.794362,1.3059693],[103.7947185,1.3056591],[103.7962815,1.3042738],[103.7970166,1.3036172],[103.7974739,1.3032359],[103.7978057,1.3029733],[103.7983573,1.3024949],[103.7989774,1.301957],[103.7991296,1.3017958],[103.7991789,1.3017435],[103.7995411,1.301381],[103.7998176,1.3011509],[103.8003415,1.3006816],[103.8010847,1.30003],[103.8016096,1.299555],[103.8035214,1.297847],[103.8043363,1.2971336],[103.8046845,1.2967845],[103.8050025,1.296385],[103.8052018,1.2960769],[103.8057454,1.2952328],[103.8061105,1.294652],[103.8064573,1.2941003],[103.806713,1.2937116],[103.8069166,1.2934031],[103.8070388,1.2932537],[103.8072323,1.2930386],[103.8074378,1.2928275],[103.807987,1.2923353],[103.8083428,1.2920092],[103.808536,1.2918618],[103.8087519,1.2917145],[103.8089829,1.2915779],[103.8092457,1.2914462],[103.8095137,1.2913444],[103.8099324,1.2912212],[103.8102144,1.2911734],[103.8106528,1.291104],[103.8135725,1.2906397],[103.8148112,1.2904508],[103.8152582,1.2903579],[103.8155517,1.2902729],[103.8158232,1.2901654],[103.8160121,1.2900811],[103.8162096,1.2899912],[103.8167951,1.2897091],[103.8176944,1.2892642],[103.8180233,1.2891463],[103.8183455,1.2890307],[103.81864,1.2889478],[103.8190241,1.2888672],[103.8192765,1.288834],[103.8195788,1.2888231],[103.8197329,1.2888176],[103.819968,1.2888082],[103.8204824,1.2887732],[103.8210575,1.2887363],[103.8216671,1.2887008],[103.8220593,1.288638],[103.822388,1.2885507],[103.8230075,1.2882545],[103.8243526,1.2872054],[103.8248501,1.2868843],[103.8253044,1.2866815],[103.8259934,1.2864924],[103.8271702,1.2862129],[103.8284236,1.2859844],[103.8294911,1.2859308],[103.8306208,1.2860152],[103.8324875,1.2860613],[103.8327728,1.2860349],[103.8330246,1.2859762],[103.8332764,1.2858997],[103.8335488,1.2857607],[103.8337834,1.2856025],[103.8339276,1.2854674],[103.8348457,1.2843872],[103.8351141,1.28417],[103.8353636,1.2839653],[103.8361386,1.2834117],[103.8384658,1.2819179],[103.8393621,1.281343],[103.8399003,1.281002],[103.8404936,1.2805546],[103.8406721,1.2803518],[103.8409628,1.2800216],[103.841325,1.2793666],[103.842091,1.2777118],[103.8424891,1.2772158],[103.8430281,1.2768052],[103.843419,1.2766107],[103.8437436,1.2765282],[103.8441433,1.2764665],[103.844744,1.2764823],[103.8457937,1.2765925],[103.8464114,1.2766572],[103.8466457,1.2767062],[103.847218,1.2769475],[103.8476808,1.2772632],[103.8479725,1.2775719],[103.8496345,1.2803049],[103.8507976,1.2818314],[103.8510478,1.2822513],[103.851268,1.2826894],[103.8513336,1.2829126],[103.851378,1.2831937],[103.8514819,1.2843916],[103.8515014,1.2846357],[103.8515659,1.2854422],[103.8516447,1.2860688],[103.8517414,1.2865233],[103.851772,1.286666],[103.8523335,1.2880197],[103.853261,1.2892071],[103.8535588,1.2899878],[103.8535921,1.2904581],[103.853561,1.2911562],[103.8533695,1.2917141],[103.8531172,1.2922199],[103.8526831,1.2929822],[103.8523497,1.2934284],[103.8521006,1.2938048],[103.8519488,1.2941839],[103.8518106,1.2948705],[103.851856,1.2954929],[103.852038,1.296118],[103.8559932,1.3008557],[103.8577138,1.3028219],[103.858355,1.3034781],[103.8591266,1.3041994],[103.8607934,1.3055937],[103.8624469,1.3071011],[103.862768,1.3074083],[103.8630499,1.3076779],[103.8639725,1.308568],[103.8643728,1.3088708],[103.8648251,1.3091167],[103.8652698,1.3093184],[103.8657867,1.3094995],[103.8663986,1.3096521],[103.8670511,1.3098268],[103.8680028,1.310075],[103.8687212,1.310262],[103.8691042,1.3103655],[103.8693678,1.310448],[103.8696048,1.3105371],[103.8698162,1.3106317],[103.8699574,1.3107023],[103.8702378,1.3108597],[103.870723,1.3111696],[103.8712879,1.311533],[103.8718779,1.3118835],[103.8723564,1.3121749],[103.8732912,1.3126936],[103.8738371,1.3130066],[103.8741655,1.3132193],[103.8747543,1.3136238],[103.8749177,1.3137338],[103.8756064,1.3142029],[103.8761888,1.3145996],[103.876713,1.3149571],[103.8769918,1.3151377],[103.8772841,1.3152872],[103.8775945,1.3154214],[103.8779161,1.3155322],[103.8782466,1.3156197],[103.8785212,1.3156781],[103.8791497,1.3157837],[103.8807712,1.3160723],[103.881272,1.3161804],[103.8815735,1.3162582],[103.8818728,1.3163283],[103.8822561,1.3163945],[103.8828874,1.3165284],[103.8836074,1.3166379],[103.8843389,1.3167656],[103.8848946,1.3168268],[103.8856747,1.3169713],[103.886983,1.3172137],[103.8906032,1.3178538],[103.8913944,1.3179887],[103.8921806,1.3180964],[103.8929966,1.3182018],[103.8940689,1.3183402],[103.8949548,1.3184019],[103.8958204,1.3184882],[103.8961951,1.3185566],[103.8979911,1.3189122],[103.9003029,1.3193485],[103.900926,1.3194884],[103.9014774,1.3196318],[103.9017947,1.3196931],[103.9028771,1.3198403],[103.9035367,1.31993],[103.9045202,1.3200394],[103.9053239,1.3200573],[103.9061231,1.320002],[103.9063995,1.3199829],[103.9070226,1.319899],[103.9074416,1.3199019],[103.9077793,1.3199258],[103.9079417,1.319953],[103.908162,1.3199899],[103.9091043,1.3201934],[103.9100143,1.3203883],[103.9108372,1.3205731],[103.9114769,1.3207602],[103.912184,1.3209423],[103.912912,1.3210957],[103.9136361,1.3212483],[103.9144507,1.3213947],[103.9153753,1.3214974],[103.9159584,1.321517],[103.9166176,1.3215084],[103.9173346,1.3214038],[103.9180585,1.3213341],[103.9186624,1.3212956],[103.919097,1.3213321],[103.9195485,1.3214119],[103.9209911,1.3219169],[103.9231922,1.3226642],[103.9240221,1.322918],[103.9246014,1.3230599],[103.9252448,1.3231866],[103.926636,1.3234267],[103.9274548,1.3235509],[103.9279457,1.3236388],[103.9287686,1.3238117],[103.9292591,1.3239212],[103.9295088,1.3239674],[103.930196,1.3240641],[103.9308836,1.3241603],[103.9315702,1.3242149],[103.93197,1.3242469],[103.9325684,1.324293],[103.9329413,1.3243195],[103.9358096,1.3246681],[103.937307,1.3248782],[103.9405771,1.3253183],[103.9407534,1.3253572],[103.9410705,1.3254705],[103.9415896,1.3255958],[103.9419373,1.3256949],[103.9432815,1.3261495],[103.9438544,1.3263678],[103.9447863,1.3268191],[103.9453691,1.327086],[103.9464218,1.3274722],[103.9474391,1.3278454],[103.9478177,1.3279523],[103.9486548,1.3281683],[103.9490259,1.3282854],[103.9496235,1.3284829],[103.949858,1.3285851],[103.9506412,1.3289954],[103.950979,1.3291434],[103.9515165,1.3294458],[103.9516885,1.3295364],[103.9518521,1.329603],[103.9521141,1.3297839],[103.9524673,1.3300584],[103.9528325,1.3303289],[103.9531404,1.3305354],[103.9533939,1.3306878],[103.953662,1.3308497],[103.9540157,1.3310467],[103.9543271,1.3312449],[103.9546244,1.3314537],[103.9550072,1.331807],[103.9552566,1.3320855],[103.9554934,1.3323999],[103.9557487,1.3328004],[103.9559987,1.3333383],[103.9561808,1.3337934],[103.9563133,1.3342326],[103.9564246,1.3347069],[103.9564789,1.3350702],[103.9565394,1.3355693],[103.9565517,1.3359214],[103.9565173,1.3365748],[103.9564629,1.3369265],[103.9564127,1.3372887],[103.9563541,1.3375758],[103.9562436,1.3380077],[103.9561393,1.3384988],[103.956105,1.3386462],[103.9559482,1.3393197],[103.9557715,1.3397948],[103.9555692,1.3402447],[103.9553147,1.3407212],[103.9550441,1.3410948],[103.954745,1.3414761],[103.9544942,1.3417726],[103.9541517,1.3421419],[103.953959,1.342356],[103.9538199,1.3425106],[103.9533122,1.3431425],[103.9527448,1.3438488],[103.9523712,1.3443316],[103.9521159,1.3446842],[103.9518879,1.3449762],[103.9464728,1.3516166],[103.946182,1.3519949],[103.9457744,1.3524371],[103.9447957,1.3535911],[103.9446417,1.3537797],[103.944337,1.3541916],[103.944047,1.3546215],[103.9437597,1.3552135],[103.9436047,1.3555739],[103.9434867,1.3561461],[103.9434567,1.3565432],[103.9434604,1.3569262],[103.943484,1.3572334],[103.943539,1.3575171],[103.9436919,1.3581164],[103.9439103,1.3587497],[103.9440769,1.3592874],[103.9445991,1.3609923],[103.9450429,1.3623193],[103.9452339,1.3628559],[103.9454863,1.3634067],[103.9457502,1.3639609],[103.9459892,1.3643942],[103.946417,1.3650949],[103.946907,1.3659216],[103.9473239,1.3666981],[103.9477058,1.3675573],[103.947944,1.3682011],[103.9480974,1.368787],[103.9483292,1.3696056],[103.9484673,1.3701312],[103.9486835,1.3709788],[103.9488042,1.371454],[103.9490415,1.3723731],[103.9492065,1.373042]]}},{"type":"Feature","properties":{"id":"osm-rel-445768","ref":"NSL","name":"MRT North-South Line (Marina South Pier → Jurong East)","route":"subway","colour":"#dc241f","source":"osm-overpass"},"geometry":{"type":"LineString","coordinates":[[103.8676073,1.2744907],[103.8643093,1.2723091],[103.8640403,1.2721304],[103.8629246,1.2713798],[103.8621511,1.2708451],[103.8618251,1.2706266],[103.861781,1.2705962],[103.8616004,1.2705142],[103.8610679,1.2704058],[103.8606585,1.2703786],[103.8604712,1.2703777],[103.8602517,1.2704203],[103.8600675,1.2704458],[103.8598487,1.2704936],[103.8596707,1.2705594],[103.859438,1.270644],[103.8592348,1.2707246],[103.8589871,1.2708502],[103.8557893,1.2732378],[103.8553837,1.2737297],[103.8551204,1.2741327],[103.8549838,1.2744061],[103.8548474,1.2747303],[103.8547239,1.2750442],[103.854572,1.2756667],[103.8541967,1.2776618],[103.8540801,1.2780944],[103.8539506,1.2784131],[103.8536591,1.2789363],[103.8530934,1.2798941],[103.8525276,1.280811],[103.8518039,1.2820593],[103.8516999,1.2822725],[103.8515918,1.2826262],[103.8515367,1.2828817],[103.8515143,1.2831639],[103.8516118,1.2843886],[103.8516302,1.2846458],[103.851682,1.2854431],[103.8517494,1.2860217],[103.8519112,1.2866876],[103.8525172,1.2881746],[103.8531489,1.2892873],[103.8533855,1.2900109],[103.8534365,1.2906933],[103.8533725,1.2911622],[103.8532056,1.2916542],[103.8530109,1.2920779],[103.8525314,1.2928601],[103.85227,1.2933035],[103.8517744,1.2939476],[103.8511064,1.294866],[103.8501251,1.2962079],[103.8495513,1.2969009],[103.8489104,1.2974453],[103.8479796,1.2980191],[103.8470221,1.2983597],[103.8460255,1.2986957],[103.8453121,1.2989147],[103.8447736,1.2990807],[103.8442672,1.2992016],[103.8407974,1.2998243],[103.839004,1.3002401],[103.8372223,1.3006744],[103.8366258,1.3007382],[103.8355628,1.3005697],[103.8349126,1.3004858],[103.8342612,1.3005599],[103.8337068,1.3007575],[103.8332078,1.3010696],[103.8327856,1.3014843],[103.8325296,1.3018566],[103.8322907,1.302409],[103.8321711,1.3030617],[103.8321113,1.3038622],[103.8320515,1.3046627],[103.8320602,1.3051227],[103.8321252,1.3055107],[103.8322374,1.305882],[103.8335153,1.3086589],[103.8342414,1.3097525],[103.8351985,1.3105515],[103.8378198,1.3124046],[103.8385251,1.3128837],[103.840433,1.3143498],[103.8413328,1.3166497],[103.8416887,1.3178416],[103.8417876,1.318173],[103.8418358,1.31823],[103.84345,1.3201382],[103.8438151,1.320528],[103.8443492,1.3211418],[103.8450198,1.3218765],[103.8455106,1.3224999],[103.8459492,1.3232427],[103.8463408,1.3241182],[103.8466305,1.3250728],[103.8470643,1.3274916],[103.8477135,1.3293441],[103.8478697,1.3300495],[103.8478893,1.3307863],[103.8477379,1.3316362],[103.8475746,1.3323229],[103.8473619,1.3332387],[103.847242,1.3338601],[103.8470271,1.3345337],[103.8464938,1.3355946],[103.846098,1.3365844],[103.8460516,1.3372795],[103.8461414,1.337964],[103.8465667,1.3389825],[103.8466737,1.3394235],[103.846716,1.3406],[103.8467173,1.3411928],[103.8467762,1.3447043],[103.8475745,1.3486785],[103.8476505,1.3489993],[103.8477138,1.3493018],[103.8478566,1.3499611],[103.8478795,1.3500656],[103.8479965,1.3506002],[103.8481169,1.3510909],[103.8481996,1.3514642],[103.8482436,1.3516831],[103.8482545,1.3517346],[103.8484198,1.3525149],[103.8485948,1.3532836],[103.8486027,1.3533114],[103.8487226,1.3537295],[103.848792,1.3539089],[103.8489077,1.3541747],[103.8490207,1.3543995],[103.8491412,1.3546128],[103.8497171,1.3556279],[103.8499602,1.3560551],[103.8502353,1.3565079],[103.8504549,1.3568679],[103.8506794,1.3572262],[103.850893,1.3575669],[103.8510766,1.3578683],[103.8513375,1.3582966],[103.8515836,1.3587099],[103.8517418,1.358954],[103.8520053,1.3593809],[103.8523517,1.3599528],[103.8525708,1.3603235],[103.8527111,1.3605837],[103.8528587,1.3609026],[103.8529552,1.3611458],[103.8530354,1.3613853],[103.8530878,1.3616018],[103.8531385,1.361853],[103.8531632,1.3620846],[103.8531717,1.3623845],[103.853166,1.3626554],[103.8531235,1.3629814],[103.8530666,1.3632704],[103.8529856,1.3635284],[103.8528343,1.3639116],[103.8526839,1.3642077],[103.8509944,1.3671938],[103.8507706,1.3675879],[103.8505366,1.3680087],[103.8500224,1.3689168],[103.8497481,1.3693899],[103.8494061,1.3700018],[103.8490809,1.3705732],[103.8489045,1.3708811],[103.8488105,1.3710761],[103.8487227,1.3712963],[103.8486583,1.3714923],[103.8486097,1.3716631],[103.8485703,1.3718543],[103.8484574,1.3726676],[103.8484268,1.3729348],[103.8483164,1.3738253],[103.8481205,1.3753316],[103.8480426,1.3759001],[103.8478386,1.3775122],[103.8476167,1.3783381],[103.8474146,1.3788111],[103.8471953,1.3791825],[103.8468704,1.3796302],[103.8465565,1.3799971],[103.8460961,1.3804767],[103.8456439,1.3809546],[103.845511,1.3810909],[103.8448821,1.3817359],[103.844127,1.3825332],[103.8438384,1.3829313],[103.8436704,1.3832186],[103.8435137,1.3835726],[103.8433897,1.3838706],[103.8429778,1.3849162],[103.8424251,1.3863152],[103.842032,1.3873106],[103.8416916,1.3881878],[103.8414862,1.3887046],[103.8413459,1.388986],[103.8412082,1.3892524],[103.8410133,1.3895655],[103.8407971,1.3898522],[103.8405024,1.3902006],[103.8402006,1.3904996],[103.8398671,1.3907854],[103.8394791,1.3910482],[103.8380922,1.3919399],[103.8360272,1.3932298],[103.8322759,1.3956005],[103.8316782,1.3959835],[103.8311766,1.3963228],[103.83066,1.3967207],[103.830096,1.3972496],[103.8298365,1.397524],[103.8295757,1.3978309],[103.8292438,1.3982874],[103.8289056,1.3987926],[103.8285201,1.3994949],[103.8282855,1.4000563],[103.8279872,1.4009569],[103.8278038,1.4018176],[103.8277414,1.4022779],[103.8277227,1.4025112],[103.8277215,1.4027494],[103.8277339,1.4033918],[103.8277364,1.4037],[103.8277601,1.4040093],[103.8278151,1.404421],[103.8278862,1.4048563],[103.827981,1.4052118],[103.8280971,1.4055561],[103.8282094,1.4058081],[103.8283703,1.4061751],[103.8287735,1.4070828],[103.8288679,1.4073306],[103.8289597,1.4076261],[103.8290118,1.4078563],[103.8290638,1.4081395],[103.8290859,1.408412],[103.8290903,1.408719],[103.8290903,1.4093003],[103.8290913,1.4095532],[103.8291063,1.4097702],[103.8291363,1.4099819],[103.829215,1.4103094],[103.8292988,1.4105555],[103.8294152,1.4108369],[103.8295988,1.411187],[103.8298915,1.4116254],[103.8302371,1.4120619],[103.8305815,1.4125467],[103.8307986,1.4129097],[103.8311155,1.4135122],[103.8314278,1.4141049],[103.8316852,1.4146161],[103.8320626,1.4153805],[103.8321978,1.4157301],[103.8323638,1.4161742],[103.832662,1.4167892],[103.8329514,1.4173799],[103.8332434,1.4179758],[103.8334967,1.4184673],[103.8336926,1.418839],[103.8340208,1.4193816],[103.834304,1.4199005],[103.8344663,1.4203134],[103.8345611,1.4206527],[103.834631,1.4209908],[103.8346734,1.4213463],[103.8347083,1.4220623],[103.8347407,1.4227894],[103.8348638,1.4252605],[103.8348645,1.4252729],[103.8349814,1.4272323],[103.8349801,1.427451],[103.83494,1.4278982],[103.8349171,1.4283181],[103.8349436,1.4287885],[103.8349703,1.429384],[103.8350022,1.4300958],[103.8350222,1.4307095],[103.8350346,1.4311898],[103.8350311,1.4315341],[103.8349962,1.431851],[103.8349436,1.4321646],[103.8346325,1.4333613],[103.8342584,1.434871],[103.8341717,1.4351942],[103.8340722,1.4355172],[103.8339299,1.4358702],[103.833724,1.4362694],[103.8333673,1.4368984],[103.8331429,1.4372941],[103.8330731,1.4374172],[103.8325489,1.4383422],[103.831956,1.4393418],[103.8306168,1.4415194],[103.829566,1.4432387],[103.8290875,1.4440215],[103.8281275,1.4455922],[103.8278829,1.4459826],[103.8276408,1.4463406],[103.8273305,1.4467417],[103.8270949,1.4469984],[103.8268682,1.4472259],[103.8265543,1.4475114],[103.8261164,1.4479095],[103.8258712,1.4481477],[103.8256241,1.4483637],[103.8253001,1.44861],[103.8248404,1.4489248],[103.8245695,1.4490704],[103.8242801,1.4491939],[103.8237684,1.4493703],[103.8233743,1.4494551],[103.823023,1.4495036],[103.8225154,1.4495036],[103.8220876,1.44947],[103.8218073,1.4494285],[103.821468,1.4493507],[103.8209496,1.4492314],[103.8208102,1.4491999],[103.820074,1.4490292],[103.8193437,1.4488643],[103.8190796,1.4487974],[103.8188502,1.4487495],[103.8177551,1.4485751],[103.8167432,1.4483424],[103.8158038,1.4481112],[103.8129866,1.4474615],[103.8112124,1.4470205],[103.8107932,1.4468883],[103.8104076,1.4467373],[103.8098037,1.4464404],[103.8093969,1.4462097],[103.8090076,1.4459452],[103.8083812,1.4454138],[103.8079345,1.4448899],[103.8075864,1.4445432],[103.8071347,1.4441515],[103.8067229,1.443738],[103.8063292,1.4433762],[103.8060934,1.4431617],[103.8058775,1.4429964],[103.8055001,1.4427476],[103.8051148,1.4425225],[103.804124,1.4420447],[103.8031111,1.4415894],[103.8025623,1.4412825],[103.8022465,1.4411149],[103.80168,1.4408697],[103.800993,1.4405585],[103.8003089,1.4402487],[103.7998642,1.4400547],[103.7993189,1.4398606],[103.7987048,1.4396454],[103.7983625,1.4394778],[103.7979055,1.4392838],[103.7974361,1.4391285],[103.7970955,1.4390368],[103.7966561,1.4389733],[103.7961252,1.4389502],[103.7923451,1.438757],[103.7918842,1.4387193],[103.791459,1.4386644],[103.7910393,1.4385725],[103.7906382,1.438458],[103.7901721,1.438291],[103.7887888,1.4377646],[103.7872567,1.4372078],[103.7864657,1.4369018],[103.785835,1.4366578],[103.7855733,1.4365614],[103.7847676,1.4362647],[103.7844554,1.4361455],[103.7841495,1.4360307],[103.7839478,1.4359463],[103.7837216,1.4358397],[103.7835318,1.435735],[103.7833615,1.4356338],[103.7832016,1.4355268],[103.7830344,1.4354048],[103.7828549,1.4352595],[103.7826424,1.4350748],[103.7824872,1.4349285],[103.7823808,1.4348256],[103.7822406,1.43469],[103.7819484,1.4344029],[103.781689,1.4341588],[103.7813694,1.4338622],[103.7811659,1.4336793],[103.7809863,1.4335312],[103.7807777,1.433372],[103.7805787,1.4332322],[103.7803987,1.4331206],[103.7801858,1.4329988],[103.7799784,1.4329025],[103.7797825,1.4328175],[103.7794942,1.4327056],[103.779272,1.4326387],[103.7790374,1.4325806],[103.7788036,1.4325324],[103.77858,1.4325004],[103.7783184,1.4324723],[103.7779884,1.4324523],[103.7765776,1.432458],[103.7748761,1.4324807],[103.7741263,1.4324795],[103.7733613,1.4324782],[103.7726363,1.4325031],[103.7721472,1.4324944],[103.7716885,1.4324421],[103.7695929,1.4319705],[103.7692054,1.4318507],[103.7690326,1.4317859],[103.7686882,1.4316431],[103.7683831,1.431474],[103.7681835,1.4313518],[103.7679476,1.431169],[103.7676382,1.4309083],[103.7673878,1.4306561],[103.7671675,1.4304185],[103.7668543,1.4299944],[103.7664014,1.4291624],[103.7663215,1.4290214],[103.7654536,1.4277363],[103.765278,1.427559],[103.7650986,1.4273961],[103.7646819,1.4270717],[103.7641765,1.4267212],[103.7639327,1.4265409],[103.7629939,1.4258007],[103.7626489,1.4255627],[103.7620462,1.4251399],[103.7614595,1.4247283],[103.761051,1.4244557],[103.7607298,1.4242617],[103.7603743,1.4240835],[103.7600547,1.4239564],[103.7593462,1.4236891],[103.7588442,1.4235013],[103.7583395,1.4233196],[103.7577858,1.4231742],[103.7569866,1.4230059],[103.7562338,1.4228545],[103.7544836,1.4224879],[103.7521004,1.4219767],[103.7517373,1.4218781],[103.7514053,1.4217621],[103.7511246,1.4216411],[103.7506904,1.4214103],[103.7504021,1.4212245],[103.7501438,1.4210498],[103.7498444,1.4207866],[103.7495726,1.4205158],[103.7493253,1.4202278],[103.7491509,1.4199894],[103.7488676,1.4195553],[103.7486493,1.4191025],[103.7484683,1.4186285],[103.7483485,1.4181657],[103.7482562,1.417663],[103.7482188,1.4172339],[103.7482275,1.4167586],[103.7482762,1.4162983],[103.7485794,1.4145718],[103.7487913,1.4134107],[103.7487963,1.4133831],[103.7489677,1.4124435],[103.7496849,1.4083873],[103.7497325,1.4080857],[103.7497784,1.4077205],[103.7497996,1.4073712],[103.7498137,1.4070572],[103.749809,1.4066634],[103.7497704,1.406263],[103.7496967,1.4058107],[103.7496085,1.4052797],[103.7494984,1.4048126],[103.7491708,1.403528],[103.7487508,1.4020655],[103.7483856,1.4007742],[103.7480538,1.399527],[103.7478279,1.398659],[103.7476885,1.3981969],[103.7474857,1.3974471],[103.7473071,1.3967865],[103.7472123,1.3964347],[103.7471038,1.3960692],[103.746974,1.39572],[103.7466595,1.3951249],[103.7462228,1.3944476],[103.7456526,1.3935719],[103.7452508,1.3929482],[103.7449492,1.3924699],[103.744703,1.3919765],[103.7444734,1.3914201],[103.7442888,1.3907715],[103.7442052,1.3903922],[103.744149,1.3899981],[103.7441278,1.3895927],[103.7441265,1.3891947],[103.7442434,1.3873014],[103.7443106,1.3866741],[103.7443444,1.3861513],[103.7443857,1.3853185],[103.7444319,1.3844997],[103.7444448,1.3842451],[103.7444548,1.3837886],[103.7444324,1.3835029],[103.74437,1.3830813],[103.7442964,1.3826908],[103.7442347,1.3822951],[103.7439382,1.3807482],[103.7437061,1.3793236],[103.7436162,1.3787548],[103.7435726,1.3783581],[103.7435663,1.3781236],[103.7435676,1.3777719],[103.7435726,1.3775149],[103.743605,1.3771718],[103.7436603,1.3767393],[103.7436921,1.3764658],[103.7437309,1.3761941],[103.7437927,1.3759136],[103.7439074,1.3754356],[103.7440821,1.3748481],[103.7442056,1.3744935],[103.7443891,1.3740437],[103.7445921,1.3736344],[103.7448268,1.3732057],[103.7451673,1.3726765],[103.7456526,1.372029],[103.7460302,1.3716003],[103.7465967,1.3710605],[103.7480066,1.369808],[103.7488184,1.3690812],[103.749457,1.3685312],[103.7500895,1.3679744],[103.7505853,1.3675193],[103.7509665,1.3670236],[103.7512524,1.3664855],[103.7513741,1.3661397],[103.7514694,1.3657728],[103.7515276,1.3653406],[103.7515523,1.3649084],[103.7516141,1.3637529],[103.7516741,1.3619605],[103.7517158,1.3611098],[103.7518506,1.3600844],[103.751883,1.3595505],[103.7519029,1.3588888],[103.751923,1.3582232],[103.7519305,1.3578964],[103.7519115,1.357011],[103.7519543,1.3560201],[103.7519783,1.3553679],[103.7519979,1.354784],[103.7520331,1.3536878],[103.7520168,1.3532379],[103.7519956,1.3530816],[103.7519655,1.3529248],[103.7519155,1.3526959],[103.7518652,1.3524684],[103.7517893,1.3522257],[103.7517169,1.3520239],[103.7515908,1.3517939],[103.75144,1.3515561],[103.7513844,1.3514607],[103.7512766,1.3512948],[103.7512477,1.3512544],[103.7511544,1.3511243],[103.7508084,1.3506498],[103.7506153,1.3503785],[103.7504016,1.350036],[103.7501633,1.3496892],[103.7500414,1.3495201],[103.7496597,1.349016],[103.7491839,1.3483875],[103.7488943,1.3480148],[103.7486064,1.3476682],[103.7482535,1.3472308],[103.7475608,1.3462702],[103.7470848,1.3456388],[103.7466477,1.3450463],[103.7451517,1.3430937],[103.7438889,1.3413938],[103.7431861,1.3404738],[103.7420185,1.3388582],[103.7416467,1.3383958],[103.7414543,1.338157],[103.7412789,1.3378971],[103.7411985,1.3377739],[103.7411255,1.3376474],[103.7410601,1.3375137],[103.7409844,1.3373233],[103.7409373,1.337166],[103.7408995,1.3370067],[103.7408621,1.3368305],[103.7408407,1.3366693],[103.7408334,1.3365107],[103.7408327,1.3363331],[103.7408462,1.3361559],[103.7408644,1.3359894],[103.7408948,1.3358224],[103.7409478,1.3356176],[103.7409934,1.3354759],[103.7410547,1.3353181],[103.7411167,1.3351905],[103.7411837,1.3350486],[103.741329,1.3347887],[103.7414876,1.3345008],[103.7416296,1.3342087],[103.7417287,1.3339966],[103.7422345,1.3330703],[103.7425871,1.3324228]]}},{"type":"Feature","properties":{"id":"osm-rel-1146941","ref":"SKLRT","name":"LRT Sengkang Line (West Loop ↻)","route":"light_rail","colour":"#748477","source":"osm-overpass"},"geometry":{"type":"LineString","coordinates":[[103.8959984,1.3932363],[103.8958378,1.3928692],[103.8955091,1.3917432],[103.8954192,1.3914759],[103.895192,1.3908003],[103.8948394,1.3899163],[103.8945695,1.3890497],[103.8944827,1.388764],[103.8944559,1.3885743],[103.8944266,1.3884185],[103.8942729,1.387983],[103.8941019,1.3874386],[103.8940533,1.3872869],[103.8939609,1.3870834],[103.8938854,1.3869623],[103.8937995,1.3868729],[103.8936684,1.386767],[103.8935126,1.3867053],[103.8933853,1.3866792],[103.8932581,1.3866719],[103.8929507,1.3866654],[103.8922052,1.3865798],[103.8915948,1.3865531],[103.891244,1.3865458],[103.8910543,1.3865473],[103.8909354,1.3865614],[103.8905176,1.386678],[103.8897848,1.386894],[103.8895612,1.386981],[103.889224,1.3871913],[103.8883102,1.3877795],[103.8878677,1.3880596],[103.8874666,1.3883409],[103.8867725,1.3887733],[103.8861958,1.3891115],[103.8858026,1.3893645],[103.8854587,1.3895857],[103.8848868,1.3899764],[103.8839628,1.3905542],[103.8836704,1.390739],[103.8833786,1.3909225],[103.8824525,1.3915109],[103.8821818,1.3916654],[103.8821491,1.3916841],[103.8818259,1.3918248],[103.8811911,1.3920293],[103.8809527,1.3920758],[103.8807667,1.3920863],[103.8800095,1.3920721],[103.8798308,1.3920688],[103.8796215,1.3920688],[103.8794576,1.3920502],[103.8792611,1.3920072],[103.8790681,1.3919371],[103.8775981,1.391365],[103.8773384,1.3912705],[103.8771945,1.3912344],[103.8770473,1.3912253],[103.8769035,1.3912492],[103.8767596,1.3913059],[103.8766609,1.3913642],[103.8765516,1.3914669],[103.8764677,1.3915721],[103.876345,1.3917732],[103.876265,1.3918967],[103.8760206,1.3922742],[103.8758369,1.3926159],[103.8757881,1.3927763],[103.8757695,1.3929576],[103.8757892,1.3933969],[103.8758706,1.3942303],[103.8758625,1.3945557],[103.8757997,1.3949079],[103.8757218,1.3951962],[103.8755788,1.3957122],[103.8755335,1.39594],[103.875521,1.3960645],[103.8755096,1.3961774],[103.8755102,1.3963852],[103.875548,1.3969015],[103.8755854,1.3973541],[103.8756352,1.3979557],[103.8756635,1.3981244],[103.875758,1.3983685],[103.8758822,1.398523],[103.8760671,1.3986315],[103.8763014,1.3986783],[103.8765123,1.3986701],[103.8785324,1.3984774],[103.8799662,1.3983469],[103.8807766,1.3983307],[103.8812472,1.3982814],[103.881909,1.3982121],[103.8826183,1.3980806],[103.8826426,1.3980761],[103.8842431,1.3978829],[103.8843392,1.3978713],[103.8844133,1.3978623],[103.8850365,1.3978053],[103.8864997,1.3975966],[103.8869907,1.397526],[103.8880344,1.3973758],[103.8887785,1.3973084],[103.8892272,1.3972456],[103.8900155,1.3971352],[103.8905876,1.397041],[103.8915316,1.3969271],[103.8921118,1.3968179],[103.8928333,1.3966296],[103.8931353,1.3965536],[103.8933988,1.3964855],[103.8938037,1.3963558],[103.8940258,1.3962846],[103.8943293,1.3961841],[103.8952862,1.3958951],[103.8963091,1.3956626],[103.8964757,1.3956079],[103.8966147,1.3954872],[103.8967151,1.3953534],[103.8967847,1.3951819],[103.8968112,1.3950399],[103.8967987,1.394885],[103.8967633,1.3947299],[103.8966013,1.3944131],[103.8961991,1.3935828],[103.8961179,1.3934152],[103.8959984,1.3932363]]}},{"type":"Feature","properties":{"id":"osm-rel-2076291","ref":"CCL","name":"MRT Circle Line (Marina Bay → HarbourFront)","route":"subway","colour":"#fa9e0d","source":"osm-overpass"},"geometry":{"type":"LineString","coordinates":[[103.8547037,1.2751946],[103.8549092,1.2755037],[103.8555513,1.2764968],[103.8556762,1.2766901],[103.855775,1.276843],[103.8558718,1.2769928],[103.8573491,1.2792779],[103.8582707,1.280294],[103.8585718,1.2806872],[103.8591201,1.2814977],[103.8592014,1.2816705],[103.8592605,1.2818121],[103.8593269,1.2820199],[103.8593761,1.2821362],[103.8596138,1.2825356],[103.8597021,1.282684],[103.8599607,1.2831398],[103.8600288,1.283217],[103.8601127,1.2832921],[103.8601776,1.2833672],[103.8602183,1.2834364],[103.8606862,1.2842071],[103.860988,1.2850687],[103.8611526,1.2858183],[103.86121,1.286157],[103.8612713,1.288848],[103.8612109,1.2894448],[103.8611054,1.2904375],[103.861073,1.2916725],[103.861115,1.2923352],[103.8611365,1.2927164],[103.8611566,1.2938661],[103.861142,1.2941979],[103.8611128,1.2945714],[103.8609508,1.2956245],[103.8607785,1.2968104],[103.8607915,1.2973818],[103.8610266,1.298088],[103.8614773,1.2987327],[103.8620002,1.2991041],[103.8636609,1.2998015],[103.8651025,1.3004662],[103.8676693,1.300922],[103.8700517,1.3016707],[103.8705638,1.3017584],[103.8722346,1.3018489],[103.8733421,1.3020982],[103.8743433,1.3024403],[103.8754386,1.3029588],[103.8762941,1.3033806],[103.8778604,1.3041613],[103.8813082,1.3057761],[103.882457,1.3062958],[103.8836918,1.3068545],[103.8852794,1.3076697],[103.8860833,1.307966],[103.8879308,1.3082895],[103.889207,1.3085753],[103.8896819,1.3086817],[103.8904134,1.3088656],[103.8909413,1.3090608],[103.891341,1.3093388],[103.8916507,1.3096837],[103.8917952,1.3098926],[103.8919495,1.3103103],[103.892031,1.3108208],[103.8920423,1.3114001],[103.8919495,1.3140485],[103.892309,1.3160956],[103.8922428,1.3167357],[103.8919674,1.3179957],[103.8918016,1.3187523],[103.8917843,1.3188253],[103.8912961,1.3208924],[103.8909476,1.3226419],[103.8907182,1.3237952],[103.8902919,1.3261084],[103.8902866,1.3261371],[103.8898111,1.3286453],[103.8892732,1.3313293],[103.8890921,1.3321666],[103.8889161,1.3333762],[103.8887302,1.3342412],[103.8884805,1.3349477],[103.8882396,1.3354555],[103.8875823,1.3368406],[103.886807,1.3384499],[103.8859188,1.3397941],[103.8848163,1.3405617],[103.8830158,1.3412328],[103.8819902,1.3416269],[103.8796456,1.342798],[103.8787941,1.3432232],[103.8764218,1.3444904],[103.8756521,1.3452077],[103.875209,1.345795],[103.8750284,1.3463181],[103.8747999,1.3471723],[103.8746474,1.3486881],[103.8745808,1.3488747],[103.8744014,1.3491109],[103.8740284,1.3494965],[103.8736479,1.3497906],[103.8736356,1.3498001],[103.8728976,1.3503813],[103.8722359,1.3507],[103.8706572,1.3512271],[103.8688302,1.3518805],[103.868431,1.3519997],[103.8677574,1.3520213],[103.8667609,1.3520174],[103.865772,1.3518179],[103.8646808,1.3515278],[103.8633841,1.3514248],[103.8630202,1.3513959],[103.8627694,1.3513185],[103.862537,1.3512371],[103.8613082,1.3505523],[103.8593452,1.3496596],[103.8586599,1.3494617],[103.8579584,1.3493705],[103.8571919,1.349413],[103.8541589,1.3501384],[103.8530414,1.350509],[103.8515787,1.3508868],[103.8505364,1.3509813],[103.8493448,1.3512141],[103.8482604,1.3514765],[103.8474239,1.35172],[103.8469919,1.3518351],[103.8466254,1.3518912],[103.8462141,1.3519379],[103.8457403,1.3519914],[103.8453643,1.3520681],[103.8449742,1.3522022],[103.8443273,1.3524805],[103.8433259,1.3529327],[103.8430044,1.3530279],[103.8425276,1.3530612],[103.8420839,1.3530446],[103.8416359,1.3529506],[103.8412496,1.3527843],[103.8408598,1.3525597],[103.8405044,1.3522559],[103.8402155,1.3518954],[103.8399911,1.3514626],[103.8398373,1.3510246],[103.8397433,1.3505236],[103.8396207,1.3496492],[103.8395059,1.3486539],[103.8394361,1.3481257],[103.839109,1.3456526],[103.8391136,1.3450992],[103.8391354,1.3446989],[103.8393716,1.3428876],[103.8395706,1.3389834],[103.8396748,1.3375909],[103.8397421,1.336538],[103.8397415,1.3360689],[103.8396952,1.3357382],[103.8395799,1.3353882],[103.8393508,1.3349665],[103.8390645,1.3345892],[103.838774,1.3342903],[103.8383163,1.3339873],[103.8378534,1.3338063],[103.8365897,1.3334768],[103.8361586,1.3334033],[103.8354783,1.3333522],[103.8349914,1.3334033],[103.8343974,1.3335042],[103.8336842,1.3336368],[103.8329361,1.3336877],[103.8322618,1.3336851],[103.8306713,1.3336902],[103.8249021,1.3336919],[103.8242886,1.3336135],[103.8237557,1.3334959],[103.8198208,1.3321533],[103.8193708,1.3319579],[103.8190797,1.3317688],[103.8188285,1.3315783],[103.8185851,1.3313521],[103.8183212,1.3310301],[103.818129,1.330712],[103.8179548,1.3302911],[103.8178461,1.3298016],[103.8177763,1.3293486],[103.8176106,1.3278872],[103.8173374,1.3257111],[103.8171691,1.3247177],[103.8170355,1.3242252],[103.8166288,1.3236663],[103.8156899,1.3226642],[103.8152598,1.322172],[103.8134964,1.3200067],[103.8133643,1.3198899],[103.8129604,1.3196492],[103.8127627,1.3195648],[103.8123058,1.3194319],[103.8117711,1.3193579],[103.8106778,1.3193994],[103.8102535,1.3193477],[103.809851,1.3192425],[103.8094563,1.3190697],[103.8091035,1.3188399],[103.8079846,1.3178199],[103.807532,1.3173939],[103.806706,1.3166165],[103.8053567,1.3153208],[103.8050731,1.3150561],[103.8048222,1.3149157],[103.8045095,1.3147782],[103.8041047,1.3146862],[103.8022444,1.3146538],[103.8019039,1.3146494],[103.8016835,1.3146374],[103.8014846,1.3146047],[103.8010448,1.3145047],[103.8009601,1.314473],[103.8007457,1.3143547],[103.8003728,1.3141341],[103.7997886,1.3137353],[103.7995276,1.3135628],[103.7989623,1.3132838],[103.7988102,1.3132141],[103.797463,1.3127464],[103.7971197,1.3125688],[103.7964225,1.3121601],[103.7958898,1.311848],[103.7946038,1.3111011],[103.7941052,1.3107772],[103.793569,1.3103111],[103.7916677,1.3081957],[103.7911352,1.3072382],[103.790601,1.3062707],[103.7902769,1.3056837],[103.7899053,1.3049831],[103.7890389,1.3023946],[103.788474,1.3012237],[103.7873137,1.2994799],[103.7871457,1.2992274],[103.7867403,1.2987056],[103.7860233,1.2979388],[103.7858081,1.2976603],[103.7849127,1.2958299],[103.7847344,1.2954887],[103.7846199,1.2951237],[103.7845317,1.2946569],[103.7844751,1.2935696],[103.784424,1.2925875],[103.7842784,1.2918489],[103.784129,1.2914457],[103.7836347,1.2908106],[103.7822414,1.289638],[103.781674,1.2888961],[103.7813685,1.2881997],[103.7812366,1.2878712],[103.7811233,1.2875524],[103.7809967,1.2870192],[103.7809597,1.2863865],[103.7810029,1.2849609],[103.7810952,1.2840554],[103.7812316,1.2835726],[103.7818405,1.282669],[103.7836776,1.2799433],[103.7843697,1.2792533],[103.7851869,1.2785754],[103.7859734,1.2782518],[103.7914017,1.2763998],[103.7932494,1.2757694],[103.7995491,1.2734917],[103.8016311,1.2725902],[103.802796,1.2724828],[103.8029152,1.2724718],[103.8042563,1.2723451],[103.804834,1.272224],[103.8064917,1.2713229],[103.8068834,1.2711115],[103.8074108,1.2709236],[103.8080364,1.2707857],[103.8087296,1.2707234],[103.8098567,1.2706189],[103.8107901,1.2705324],[103.8111186,1.2704889],[103.8114685,1.2704006],[103.8118592,1.270245],[103.8149643,1.2683651],[103.8155051,1.2680895],[103.8162332,1.2677714],[103.8176575,1.2668545],[103.8185855,1.2661172],[103.8194022,1.2656405],[103.8197587,1.2654019],[103.8201389,1.2652618],[103.8202743,1.2652424],[103.8204032,1.2652403],[103.8215527,1.2652933],[103.822694,1.2653593],[103.8234669,1.2653982]]}},{"type":"Feature","properties":{"id":"osm-rel-2293545","ref":"NEL","name":"MRT North East Line (Harbourfront → Punggol Coast)","route":"subway","colour":"#9016b2","source":"osm-overpass"},"geometry":{"type":"LineString","coordinates":[[103.8203816,1.2654506],[103.8214996,1.2655106],[103.8226723,1.2655672],[103.823815,1.2656683],[103.8242543,1.2657615],[103.8247027,1.265911],[103.8251352,1.2660337],[103.8256851,1.2663072],[103.8263234,1.2668194],[103.8273692,1.2678468],[103.8282135,1.2689549],[103.8289541,1.2696815],[103.8301352,1.2708591],[103.8317841,1.2725441],[103.8331301,1.2741113],[103.8349166,1.2760479],[103.8353165,1.2764719],[103.8357174,1.2768373],[103.8361385,1.2771341],[103.8369773,1.277643],[103.8374243,1.2779221],[103.8376634,1.2781078],[103.8381795,1.278584],[103.8386911,1.2790346],[103.83907,1.2793659],[103.8396634,1.2799831],[103.8403116,1.2805989],[103.8406751,1.2809684],[103.841074,1.2814544],[103.8415983,1.2822073],[103.8420089,1.282718],[103.8424796,1.2832775],[103.8435244,1.2845137],[103.844366,1.2855364],[103.8449156,1.2860884],[103.845321,1.2864158],[103.8458382,1.2869782],[103.8464105,1.2878811],[103.8466978,1.2887582],[103.8469199,1.2897636],[103.8470542,1.2905852],[103.8470291,1.2911789],[103.8469305,1.2917785],[103.8466023,1.2925234],[103.8446609,1.2957782],[103.8445335,1.2960884],[103.844426,1.2964857],[103.8443819,1.2967469],[103.8443546,1.2975824],[103.8443904,1.2978875],[103.8444387,1.2981484],[103.8445463,1.2984932],[103.8446528,1.2987627],[103.8448309,1.2991316],[103.8453641,1.3000664],[103.8458188,1.3009365],[103.8463659,1.3019483],[103.847179,1.3034248],[103.8478094,1.3045295],[103.8481094,1.3050564],[103.8483754,1.3054275],[103.8487195,1.3058728],[103.8493702,1.3066673],[103.8505264,1.308179],[103.8510688,1.3089014],[103.8518916,1.3099563],[103.8525748,1.3108437],[103.8530887,1.3114698],[103.8533717,1.3117302],[103.8541701,1.3124938],[103.855039,1.313344],[103.855555,1.3138195],[103.8562542,1.3144349],[103.8568333,1.3149896],[103.8575138,1.3156489],[103.8578929,1.3159609],[103.8585853,1.3163862],[103.8590304,1.3167066],[103.859297,1.3169461],[103.8596822,1.3173342],[103.8605945,1.318255],[103.8607606,1.3184348],[103.8617021,1.31955],[103.8624522,1.3204518],[103.8634778,1.3217903],[103.8638399,1.3223711],[103.8642232,1.3228995],[103.8651816,1.324165],[103.8656379,1.3246446],[103.8662375,1.3251623],[103.8666414,1.325575],[103.8669803,1.3259821],[103.8677213,1.326892],[103.8679334,1.3272708],[103.8681883,1.3278506],[103.8685605,1.3291918],[103.8688212,1.3302349],[103.8690861,1.3313182],[103.8695611,1.3333352],[103.8697195,1.3340674],[103.8701105,1.3353681],[103.8702178,1.3357477],[103.8705216,1.3369706],[103.8706085,1.3375606],[103.8706706,1.3382105],[103.8706839,1.3392979],[103.8706942,1.3401461],[103.8706917,1.3405548],[103.8706473,1.3414983],[103.8706037,1.3423256],[103.8705594,1.3434093],[103.8705906,1.3439611],[103.8706771,1.3444661],[103.8708463,1.3450143],[103.8710355,1.3454722],[103.8714407,1.3463389],[103.871844,1.3472043],[103.8721897,1.3478786],[103.8723849,1.3481996],[103.8726102,1.3485182],[103.8728678,1.3488462],[103.8736689,1.3498051],[103.8738863,1.3500654],[103.8740891,1.3503007],[103.8744509,1.3506631],[103.8758736,1.3520133],[103.8773603,1.3533823],[103.8780336,1.3539881],[103.8791083,1.3548546],[103.8803884,1.3558881],[103.8810219,1.3564692],[103.8816107,1.3570044],[103.8823407,1.3576722],[103.8829455,1.3582253],[103.8846753,1.35981],[103.8848589,1.3599863],[103.8860819,1.3611372],[103.8884211,1.3633545],[103.8896298,1.3644955],[103.8904305,1.3652808],[103.8908938,1.3658526],[103.8912011,1.3662984],[103.8914265,1.3666812],[103.8916195,1.3670628],[103.891835,1.3675547],[103.8920249,1.3681111],[103.8921295,1.3684961],[103.892267,1.3692279],[103.8923252,1.3699855],[103.8923115,1.3716622],[103.8923184,1.3722724],[103.8923339,1.3726581],[103.8923888,1.3732882],[103.89246,1.3767579],[103.8925388,1.3781901],[103.8926127,1.3796969],[103.8926606,1.3801112],[103.8927528,1.3808118],[103.8928399,1.3814799],[103.8929854,1.3830636],[103.8930895,1.3843192],[103.8931507,1.3845924],[103.8932159,1.3848666],[103.8934269,1.3856028],[103.8937545,1.3867536],[103.893981,1.387392],[103.8945238,1.3888625],[103.8949752,1.3904523],[103.8951202,1.3908766],[103.8953222,1.391465],[103.8957525,1.3927185],[103.8959037,1.393137],[103.8970088,1.3953149],[103.8971569,1.3955951],[103.898082,1.3973147],[103.898879,1.3987647],[103.899423,1.3997528],[103.9002999,1.4013606],[103.9007431,1.4021573],[103.9012987,1.4033003],[103.9015767,1.4038383],[103.9023526,1.4052386],[103.9029257,1.406281],[103.9035649,1.4074439],[103.9037264,1.4077526],[103.9038644,1.4080793],[103.9039711,1.4084293],[103.9040357,1.4087389],[103.9040797,1.4091223],[103.904189,1.410598],[103.9043239,1.411378],[103.9045327,1.4119499],[103.9047368,1.4123306],[103.9048862,1.4125681],[103.9052145,1.4129779],[103.9055895,1.413332],[103.9060223,1.4136424],[103.9065284,1.4139084],[103.9070288,1.4140957],[103.9090617,1.4146544],[103.9095063,1.41477],[103.9101429,1.4149493],[103.9110673,1.4152022],[103.9122524,1.4155137],[103.9129705,1.4155771],[103.9134801,1.4155686],[103.9139484,1.4155085]]}},{"type":"Feature","properties":{"id":"osm-rel-2312796","ref":"EWL","name":"MRT East-West Line (Pasir Ris → Tuas Link)","route":"subway","colour":"#009645","source":"osm-overpass"},"geometry":{"type":"LineString","coordinates":[[103.9493325,1.3730213],[103.949163,1.3723499],[103.948861,1.3714028],[103.9486883,1.370737],[103.948283,1.3692603],[103.9481535,1.3687347],[103.9480077,1.368206],[103.9477678,1.3675576],[103.947384,1.3666942],[103.9469653,1.3659142],[103.9464744,1.3650859],[103.9460471,1.3643861],[103.9458098,1.3639559],[103.9455469,1.3634039],[103.945296,1.3628562],[103.9451063,1.3623233],[103.9446476,1.361005],[103.9439546,1.3587082],[103.9437561,1.3581229],[103.9436043,1.357528],[103.9435504,1.35725],[103.9435273,1.3569488],[103.9435244,1.3566502],[103.9435236,1.3565709],[103.9435531,1.3561809],[103.9435739,1.3560799],[103.9436689,1.3556195],[103.9438208,1.3552664],[103.9440226,1.3548625],[103.9442273,1.354567],[103.9444992,1.3542281],[103.9447575,1.3539267],[103.9455916,1.3528809],[103.945865,1.3525401],[103.9462306,1.352033],[103.9465236,1.3516856],[103.9507775,1.3464692],[103.9519402,1.3450434],[103.9521694,1.3447499],[103.9524163,1.3444689],[103.9528607,1.3439398],[103.9534498,1.3432314],[103.9539009,1.3426889],[103.9542603,1.3422065],[103.9545443,1.3418425],[103.9547969,1.3415438],[103.9550975,1.3411605],[103.9553716,1.3407823],[103.9556293,1.3402997],[103.955834,1.3398445],[103.9559935,1.339359],[103.9561561,1.3386481],[103.9561821,1.3385346],[103.9563008,1.3380457],[103.9564496,1.3372981],[103.9565372,1.3370225],[103.9566127,1.3366025],[103.9566561,1.3359238],[103.9566458,1.3355972],[103.9565999,1.3350971],[103.9565363,1.3347195],[103.9564271,1.3342407],[103.9563156,1.3338536],[103.9562095,1.3334848],[103.956064,1.3330387],[103.955853,1.3325283],[103.955642,1.3321577],[103.9553767,1.3317785],[103.9550709,1.3314215],[103.954715,1.3310678],[103.954369,1.3307322],[103.9540144,1.3304378],[103.9537859,1.330272],[103.9535068,1.3301006],[103.9532679,1.3299761],[103.9529252,1.3298256],[103.9525079,1.3296698],[103.9520687,1.3294918],[103.9516949,1.3293314],[103.9512557,1.3290955],[103.9504828,1.3286593],[103.9501947,1.3285167],[103.949958,1.3284112],[103.9497498,1.3283171],[103.9486757,1.3278786],[103.9483122,1.3277496],[103.9479852,1.3276522],[103.9475963,1.3275008],[103.9472073,1.3273647],[103.9465528,1.3271263],[103.9457709,1.3268407],[103.945213,1.3266588],[103.9442427,1.3263711],[103.9425486,1.3258072],[103.9416318,1.3255159],[103.9405909,1.3252782],[103.9373204,1.3248291],[103.9358152,1.3246233],[103.9329468,1.3242747],[103.932576,1.3242296],[103.9319655,1.3241572],[103.9315639,1.3241092],[103.9309066,1.3240314],[103.9302155,1.3239336],[103.9295283,1.3238371],[103.9287893,1.3237254],[103.9279512,1.323594],[103.9274662,1.3235016],[103.9266415,1.3233819],[103.9252503,1.3231418],[103.9246069,1.3230151],[103.9240307,1.3228719],[103.923207,1.3226215],[103.9210071,1.3218747],[103.9195549,1.3213584],[103.9191051,1.3212839],[103.9186592,1.3212412],[103.9180509,1.32128],[103.9173252,1.3213498],[103.9166101,1.3214542],[103.9159538,1.3214627],[103.9153804,1.3214353],[103.9144773,1.3212743],[103.9136858,1.3211118],[103.9129426,1.320951],[103.9122131,1.3207931],[103.9115169,1.320649],[103.910827,1.3204945],[103.9100277,1.3203275],[103.9091174,1.3201325],[103.9081737,1.3199287],[103.9077866,1.3198639],[103.907444,1.3198397],[103.9070186,1.3198367],[103.9063919,1.3199211],[103.9053264,1.3200013],[103.9043289,1.3198934],[103.9035846,1.3197924],[103.9029009,1.319704],[103.9021804,1.3196109],[103.9014756,1.3195159],[103.9008885,1.319419],[103.9003277,1.3193066],[103.8980033,1.3188511],[103.8962067,1.3184955],[103.8957552,1.3183981],[103.8949894,1.3182906],[103.8940978,1.3181825],[103.8934982,1.3181092],[103.8932872,1.3180834],[103.8930342,1.3180525],[103.8922026,1.3179508],[103.8913851,1.3178803],[103.8906138,1.3177925],[103.8869941,1.3171525],[103.8849037,1.3167652],[103.8843346,1.3166297],[103.8837781,1.3165148],[103.8836326,1.3164897],[103.8829262,1.3163672],[103.8822801,1.3162532],[103.8817403,1.3161585],[103.8814401,1.3161198],[103.880861,1.3160455],[103.8795452,1.315816],[103.8784284,1.3156116],[103.8780884,1.3155353],[103.8778012,1.3154485],[103.8775473,1.3153571],[103.8773033,1.3152487],[103.8770232,1.3150971],[103.8767366,1.314926],[103.8762143,1.3145721],[103.8756456,1.3141886],[103.8747822,1.3135863],[103.8741977,1.3131801],[103.873863,1.3129622],[103.8733211,1.3126183],[103.872487,1.3121025],[103.8719506,1.3117593],[103.8713792,1.3114087],[103.8708078,1.3110364],[103.8705387,1.3108753],[103.870278,1.3107298],[103.8699668,1.310583],[103.8696909,1.3104809],[103.8694263,1.3104004],[103.8691113,1.3103189],[103.8687374,1.3102178],[103.868014,1.3100319],[103.8670639,1.3097837],[103.86641,1.3096087],[103.8657987,1.3094562],[103.8652828,1.3092746],[103.8648404,1.3090717],[103.8643954,1.3088285],[103.8640006,1.3085298],[103.8630832,1.3076432],[103.8628017,1.3073677],[103.8624837,1.3070565],[103.8608313,1.305549],[103.8603761,1.305164],[103.8591553,1.3041575],[103.8583771,1.3034403],[103.8577448,1.3027902],[103.8560443,1.3008269],[103.8520702,1.2961051],[103.8518851,1.2954877],[103.8518381,1.2948687],[103.8519698,1.2941876],[103.8521176,1.2938156],[103.8521537,1.2937474],[103.8523669,1.2934431],[103.8527326,1.2929757],[103.8531456,1.2922527],[103.8532995,1.2919932],[103.8534202,1.2917315],[103.8536036,1.2911646],[103.8536296,1.2904505],[103.8535994,1.2899689],[103.8532956,1.2891865],[103.8523624,1.288001],[103.8517874,1.2866648],[103.8516622,1.2860657],[103.8515789,1.2854389],[103.851524,1.2846347],[103.8515009,1.2843914],[103.8514012,1.2831911],[103.8513564,1.2829103],[103.8512883,1.2826784],[103.8510668,1.2822383],[103.8508081,1.2818216],[103.8497472,1.2803907],[103.8480445,1.2775253],[103.8477339,1.2771874],[103.8474799,1.2769646],[103.8472027,1.2768034],[103.8468872,1.2766549],[103.8464062,1.2765285],[103.8457846,1.276463],[103.8448045,1.2763586],[103.8440998,1.2763231],[103.843662,1.2763813],[103.8432184,1.2765352],[103.8427978,1.2767737],[103.8423657,1.2771353],[103.8419632,1.2776404],[103.8412225,1.2793379],[103.8408343,1.2799882],[103.8405827,1.2802666],[103.8404009,1.2804678],[103.839822,1.280883],[103.8392952,1.2812339],[103.838398,1.2818182],[103.8381353,1.2819963],[103.8364234,1.2831184],[103.8358037,1.2835263],[103.8351986,1.2839197],[103.8349371,1.2840882],[103.8347139,1.2842573],[103.834433,1.2845224],[103.8338255,1.2852286],[103.8335305,1.2854697],[103.8331604,1.2857283],[103.8328698,1.2858569],[103.8325487,1.2859573],[103.8322506,1.2859814],[103.8319375,1.2859707],[103.8294935,1.2858249],[103.8283968,1.2858622],[103.8271648,1.2860825],[103.8258626,1.2863954],[103.8251996,1.2866065],[103.8245666,1.2869571],[103.8229826,1.2881925],[103.8223697,1.2885086],[103.8220406,1.2885911],[103.8216612,1.2886562],[103.8210553,1.2886914],[103.8204805,1.2887283],[103.81997,1.2887505],[103.8197211,1.2887568],[103.8195796,1.288762],[103.8190102,1.2887828],[103.8187312,1.2888057],[103.8183534,1.2888753],[103.8179795,1.2889773],[103.8177173,1.2890953],[103.8173565,1.2892693],[103.8167396,1.2895861],[103.8160497,1.2899511],[103.8155046,1.2902071],[103.8148989,1.2903847],[103.8104993,1.2909915],[103.810064,1.2910826],[103.809875,1.2911363],[103.8096069,1.2912329],[103.8093875,1.2913042],[103.8091818,1.2913818],[103.8089522,1.2914906],[103.8086692,1.2916574],[103.8083908,1.2919014],[103.807448,1.2927382],[103.8070329,1.2931198],[103.806817,1.2933467],[103.8066126,1.2936019],[103.8063214,1.2940207],[103.8059642,1.2945868],[103.8056143,1.2951414],[103.8054323,1.2954226],[103.8053546,1.2955727],[103.8049503,1.2963231],[103.8045899,1.2967934],[103.8043021,1.297091],[103.8034865,1.2978142],[103.8015447,1.2995204],[103.8009922,1.3000354],[103.7998757,1.3010219],[103.7994728,1.3013681],[103.7991021,1.3016682],[103.7990558,1.3017063],[103.7987535,1.3019551],[103.7982661,1.3023857],[103.7977353,1.3028545],[103.7974924,1.3030601],[103.7972403,1.3033267],[103.7970159,1.3035388],[103.7962992,1.3041808],[103.7947008,1.3056112],[103.7943046,1.3059703],[103.7940569,1.3061702],[103.7938065,1.3063607],[103.7935942,1.3064996],[103.7932531,1.3066687],[103.792767,1.3068491],[103.7923722,1.3069427],[103.7919785,1.3069965],[103.7913939,1.3070606],[103.7907067,1.3071179],[103.7898537,1.3072035],[103.7893311,1.3072559],[103.7887989,1.3073295],[103.7883016,1.3074246],[103.7878335,1.3075035],[103.7876004,1.3075249],[103.7861728,1.3076653],[103.785528,1.307778],[103.7843098,1.3079676],[103.7840283,1.3080859],[103.7837456,1.3082239],[103.7834371,1.3084087],[103.7830484,1.3086481],[103.7794079,1.3108964],[103.7786,1.3113955],[103.7779785,1.3117807],[103.7776094,1.3119907],[103.7772334,1.3121832],[103.7767999,1.3123441],[103.7763024,1.3124544],[103.7757633,1.3124975],[103.7749747,1.3124265],[103.7739957,1.312316],[103.7725942,1.3121361],[103.7700773,1.3118819],[103.7692707,1.3118046],[103.7689765,1.3118088],[103.7686922,1.3118329],[103.768455,1.3118652],[103.7682188,1.3119201],[103.7679746,1.3119848],[103.7676474,1.3121131],[103.7673314,1.3122505],[103.7669889,1.3124769],[103.7665273,1.3128622],[103.7661331,1.3132953],[103.7658058,1.3137342],[103.7655228,1.3142333],[103.7651553,1.3150677],[103.7648689,1.315718],[103.7646031,1.3164648],[103.7643982,1.3169531],[103.7640337,1.3175119],[103.763243,1.318687],[103.762466,1.3198432],[103.7618456,1.320774],[103.7615575,1.3212114],[103.7613778,1.3215212],[103.7612557,1.3217585],[103.7611026,1.3220775],[103.7607864,1.3227667],[103.7606291,1.3231086],[103.7604267,1.3235536],[103.7600085,1.3244972],[103.7597727,1.3249711],[103.7596539,1.325174],[103.759442,1.3254889],[103.7590973,1.3258696],[103.7589871,1.3259669],[103.7588724,1.326058],[103.7587511,1.3261407],[103.7586245,1.3262163],[103.7581894,1.3264419],[103.7577949,1.326596],[103.7575114,1.3266864],[103.7554659,1.3271219],[103.7549351,1.3272407],[103.7543514,1.327412],[103.753752,1.327567],[103.7533252,1.3277011],[103.7523551,1.3280821],[103.7518935,1.3281787],[103.7514005,1.3282505],[103.7509196,1.3282744],[103.7499331,1.3282337],[103.7494503,1.3282737],[103.7488109,1.3284013],[103.748357,1.3285756],[103.7477399,1.3288776],[103.7473183,1.3290862],[103.7464795,1.3295153],[103.7461211,1.3296982],[103.7458977,1.3298119],[103.7455303,1.3299951],[103.7453691,1.3300746],[103.7446397,1.3304379],[103.7442391,1.3306372],[103.7439934,1.3307671],[103.7437876,1.3308847],[103.7436261,1.3309987],[103.7434638,1.3311278],[103.7432914,1.331275],[103.7431004,1.33146],[103.7429702,1.3316017],[103.7428335,1.3317745],[103.742711,1.3319562],[103.7425018,1.3323265],[103.7421173,1.3330035],[103.7417647,1.333624],[103.7416314,1.3338811],[103.7412977,1.3344491],[103.7407921,1.3354169],[103.7403892,1.3361567],[103.7403341,1.3362507],[103.7402751,1.3363433],[103.740213,1.3364331],[103.740151,1.3365162],[103.7400226,1.3366821],[103.7399438,1.3367762],[103.7398966,1.3368259],[103.7398479,1.3368726],[103.7397574,1.3369534],[103.7392104,1.3373926],[103.7383505,1.3380715],[103.7375147,1.3387336],[103.7363464,1.3395978],[103.7354465,1.3402789],[103.7342124,1.3411745],[103.7332718,1.3417666],[103.7325906,1.3422958],[103.7324985,1.3423606],[103.7319684,1.3427449],[103.7318582,1.3428245],[103.7313245,1.3432142],[103.7307912,1.3435225],[103.7302024,1.3438109],[103.7298108,1.3439237],[103.7293668,1.3440112],[103.7289216,1.3440587],[103.7275293,1.3440719],[103.7272063,1.3440802],[103.726955,1.3441053],[103.7267744,1.3441332],[103.726597,1.3441741],[103.725048,1.3445801],[103.7246142,1.3446843],[103.724315,1.3447295],[103.7238621,1.3447765],[103.723345,1.3447718],[103.722834,1.3447052],[103.7223967,1.3446032],[103.7214398,1.3443592],[103.7207103,1.3441781],[103.719534,1.3438835],[103.7187787,1.3436798],[103.717405,1.3432257],[103.7158493,1.3426119],[103.7105612,1.3406882],[103.7099469,1.3404226],[103.7079082,1.3394112],[103.7073148,1.3390884],[103.706693,1.3388028],[103.7058437,1.3384789],[103.7051063,1.3381976],[103.703968,1.3378417],[103.7033107,1.3376763],[103.7027213,1.3375911],[103.7017562,1.3375716],[103.6996557,1.3375645],[103.698371,1.3375173],[103.6974128,1.3375157],[103.6968115,1.3375147],[103.6961611,1.3375136],[103.695454,1.3374873],[103.6945062,1.337324],[103.6939701,1.3371845],[103.6937193,1.3370846],[103.6934497,1.3369595],[103.6931093,1.3367505],[103.6929035,1.3365978],[103.6926786,1.3364033],[103.6923151,1.3360319],[103.692031,1.3356872],[103.6915024,1.3350559],[103.6910619,1.3345194],[103.689008,1.3318084],[103.6888372,1.3315673],[103.6886856,1.3313135],[103.6885543,1.3310871],[103.6884426,1.3308375],[103.6881995,1.3300713],[103.6880088,1.3295633],[103.6877731,1.3291327],[103.6875195,1.3288019],[103.6872549,1.3285422],[103.6869267,1.3282846],[103.6866241,1.328106],[103.6864262,1.3280045],[103.6862226,1.3279208],[103.6860143,1.3278535],[103.6857921,1.3277957],[103.6855654,1.3277561],[103.6853914,1.3277377],[103.6852175,1.3277278],[103.6845485,1.3277281],[103.6828809,1.3277273],[103.6820324,1.327728],[103.6814822,1.3277285],[103.6809104,1.3277291],[103.6802808,1.3277226],[103.6799668,1.3277041],[103.679655,1.3276857],[103.6793572,1.3276772],[103.6789555,1.3276767],[103.6782456,1.3276749],[103.677597,1.3276759],[103.6774966,1.3276744],[103.6769904,1.3276824],[103.6766178,1.327696],[103.6762891,1.3276964],[103.6758864,1.3276847],[103.6752356,1.3276386],[103.6733065,1.3274987],[103.6730374,1.3274755],[103.6727114,1.3274394],[103.6724223,1.3274151],[103.6719504,1.3273768],[103.6707729,1.3272934],[103.6698179,1.3272244],[103.6684449,1.3271235],[103.6681473,1.3271024],[103.6677741,1.3270759],[103.6674024,1.3270362],[103.6671176,1.3269859],[103.6668692,1.3269159],[103.6666202,1.3268246],[103.6663779,1.326716],[103.6661684,1.3265913],[103.6659746,1.326463],[103.6658306,1.3263482],[103.6656825,1.3262196],[103.6655163,1.3260587],[103.6654028,1.3259253],[103.6650088,1.3253716],[103.6644555,1.3245077],[103.6639083,1.3237073],[103.6634678,1.3230476],[103.6630561,1.3224817],[103.6622217,1.3214065],[103.6620551,1.3212048],[103.661883,1.3210149],[103.6612707,1.3203697],[103.6605856,1.3196514],[103.6599136,1.318948],[103.6590967,1.3180901],[103.658002,1.3169477],[103.6577658,1.3167143],[103.657531,1.316536],[103.6573503,1.3164107],[103.6571064,1.3162781],[103.6568395,1.3161588],[103.6566159,1.316077],[103.6563264,1.3160038],[103.6560859,1.3159623],[103.6558327,1.3159403],[103.6556251,1.3159353],[103.6553431,1.3159528],[103.6550559,1.3159946],[103.6548018,1.3160564],[103.654488,1.3161694],[103.6542738,1.3162613],[103.6539582,1.316443],[103.6536854,1.3166436],[103.6534757,1.3168234],[103.6518609,1.3183529],[103.6504796,1.3196679],[103.6499634,1.3201106],[103.6497046,1.3203334],[103.6488497,1.3211081],[103.6482067,1.3217156],[103.6479834,1.3219429],[103.6474489,1.3224919],[103.6471539,1.3227768],[103.6462212,1.3237079],[103.6424486,1.3272904],[103.6411659,1.3285065],[103.6405979,1.3289878],[103.6402056,1.3293424],[103.6395118,1.3300077],[103.6389242,1.3305712],[103.6377963,1.3316371],[103.6374288,1.3319553],[103.6370071,1.3323678],[103.6361067,1.3331779],[103.6359604,1.3333338],[103.6357961,1.3335326],[103.6356652,1.3337238],[103.6355622,1.3338966],[103.6354374,1.3341416],[103.6353647,1.3343277],[103.6352897,1.3345506],[103.63524,1.3347577],[103.6351975,1.3349931],[103.6351757,1.3351837],[103.6351681,1.3353891],[103.6351726,1.3355831],[103.6351899,1.3357957],[103.6352234,1.3360285],[103.6352683,1.3362339],[103.6353249,1.3364135],[103.6354068,1.3366646],[103.6355824,1.3371599],[103.63631,1.3392052],[103.6363753,1.3393673],[103.6367125,1.3403292],[103.6370078,1.3411847],[103.6371265,1.3415018],[103.6371773,1.3416345],[103.6372498,1.3418185],[103.6373195,1.3419833],[103.6373841,1.342138],[103.6374662,1.3423105],[103.6375486,1.342484],[103.6376395,1.3426844],[103.6377367,1.3429184],[103.6378291,1.3431641],[103.6379264,1.3434468]]}},{"type":"Feature","properties":{"id":"osm-rel-2312797","ref":"NSL","name":"MRT North-South Line (Jurong East → Marina South Pier)","route":"subway","colour":"#dc241f","source":"osm-overpass"},"geometry":{"type":"LineString","coordinates":[[103.8675295,1.274614],[103.8642613,1.2724139],[103.8639795,1.2722236],[103.8628669,1.2714655],[103.8620985,1.2709343],[103.8617635,1.2707089],[103.8617024,1.2706781],[103.8615276,1.2706139],[103.861198,1.2705486],[103.8609724,1.270499],[103.8606981,1.2704792],[103.8602812,1.2705266],[103.859954,1.2705796],[103.8590387,1.2709373],[103.8559456,1.273157],[103.8558386,1.2732501],[103.8554596,1.273714],[103.855263,1.2740135],[103.8550957,1.2743277],[103.8549552,1.2747004],[103.8548536,1.2749904],[103.8547045,1.2756855],[103.8542976,1.2776844],[103.8541782,1.2781274],[103.854044,1.2784578],[103.8537487,1.2789877],[103.8531819,1.2799475],[103.8526163,1.280864],[103.8519687,1.2818732],[103.8517307,1.282309],[103.8516103,1.2826536],[103.8515635,1.2828864],[103.851532,1.2831638],[103.8516309,1.2843837],[103.8516534,1.2846381],[103.8517039,1.2854355],[103.85177,1.2860141],[103.8519275,1.286682],[103.8523374,1.2876607],[103.8525427,1.2881643],[103.8531707,1.2892808],[103.8534179,1.2900136],[103.8534575,1.2906957],[103.8533899,1.2911665],[103.8532267,1.291662],[103.8530322,1.2920884],[103.8525398,1.2929012],[103.852297,1.2933081],[103.8519852,1.2937203],[103.8517938,1.2939629],[103.8511492,1.2949404],[103.8502258,1.2963332],[103.8496802,1.2969948],[103.8490015,1.29759],[103.8481888,1.2980701],[103.8470688,1.2984837],[103.8460719,1.298816],[103.8453484,1.2990394],[103.8447122,1.2992281],[103.8406588,1.2999854],[103.8390262,1.3003473],[103.8372465,1.3008092],[103.8366357,1.3008694],[103.835596,1.3006996],[103.8349428,1.3006354],[103.8343249,1.3007216],[103.8337721,1.3009315],[103.833278,1.3012562],[103.8329601,1.3015659],[103.8326296,1.302039],[103.8324516,1.3024339],[103.8323048,1.303086],[103.8322448,1.3038619],[103.8321848,1.3046379],[103.8321896,1.3051583],[103.8323447,1.3057759],[103.8336199,1.3086266],[103.8343229,1.3096802],[103.8352718,1.3104784],[103.8378863,1.3123267],[103.8385786,1.3127959],[103.8405241,1.3142907],[103.841436,1.3166215],[103.8418856,1.3181274],[103.8422829,1.3185827],[103.8435446,1.3200665],[103.8439075,1.3204509],[103.8444491,1.3210472],[103.8451217,1.3217853],[103.8456099,1.3224128],[103.8460685,1.3231931],[103.84644,1.3240565],[103.846719,1.3250621],[103.8472019,1.3274892],[103.8478223,1.3293652],[103.8480093,1.3301352],[103.848009,1.33091],[103.8478672,1.3316684],[103.8477017,1.3323646],[103.8474993,1.3332501],[103.8473945,1.3337885],[103.8470811,1.3345572],[103.8465601,1.3355756],[103.8461599,1.3366388],[103.8461113,1.3372119],[103.8462016,1.3379256],[103.846662,1.338998],[103.8467653,1.3394127],[103.8468247,1.3406004],[103.846826,1.3411972],[103.8468848,1.3446983],[103.8475636,1.348314],[103.8476387,1.3486613],[103.8477756,1.3491666],[103.8479728,1.3499462],[103.8481218,1.3505752],[103.8482363,1.3510698],[103.8483161,1.3514463],[103.8483709,1.3517424],[103.8485101,1.3523778],[103.8487101,1.3532822],[103.848826,1.3536997],[103.8488395,1.3537484],[103.8489014,1.3539203],[103.8489611,1.3540567],[103.8490152,1.3541942],[103.8490789,1.3543261],[103.849211,1.3545703],[103.8494555,1.3550135],[103.8496067,1.355275],[103.8498672,1.355741],[103.849996,1.355953],[103.8501201,1.3561394],[103.8502791,1.3563547],[103.850453,1.3565746],[103.8506588,1.35683],[103.8508626,1.3570722],[103.8510561,1.3573097],[103.8512269,1.3575393],[103.8514394,1.3578484],[103.8516255,1.3581459],[103.8517312,1.3583324],[103.8518299,1.3585201],[103.8519794,1.3588377],[103.8521583,1.3592082],[103.8523321,1.3595765],[103.8525095,1.3599498],[103.852683,1.3603232],[103.8528552,1.3606845],[103.8529735,1.3609461],[103.8530934,1.3612868],[103.8531361,1.3614489],[103.8531833,1.3616587],[103.8532259,1.3619399],[103.8532557,1.3622412],[103.8532588,1.3625182],[103.8532232,1.3628588],[103.8531789,1.3631104],[103.8531302,1.3633196],[103.8530726,1.3635245],[103.8530253,1.363659],[103.8529717,1.3637877],[103.8528543,1.3640629],[103.8526933,1.3643597],[103.8511132,1.3671431],[103.8509018,1.3675127],[103.8507143,1.3678404],[103.8506097,1.3680481],[103.8505626,1.3681566],[103.8505174,1.3682607],[103.8503932,1.3686084],[103.8502951,1.3688891],[103.8502407,1.3690287],[103.8501671,1.369181],[103.8501125,1.3692886],[103.8498264,1.3697944],[103.8496374,1.3701285],[103.8495431,1.3702951],[103.8490496,1.3711676],[103.8489282,1.3713999],[103.8488117,1.3716429],[103.8487581,1.3717819],[103.8486955,1.3719547],[103.8486425,1.3721322],[103.8485847,1.3723853],[103.8485484,1.3725999],[103.8484908,1.3730657],[103.8484011,1.3737116],[103.8481563,1.3756902],[103.8479633,1.3772496],[103.8478975,1.3776571],[103.8477799,1.3781617],[103.8476793,1.3784538],[103.8475651,1.3787854],[103.8473911,1.3791051],[103.8469945,1.379699],[103.8466152,1.3801425],[103.8465658,1.3801946],[103.8457071,1.3810987],[103.8449908,1.3818386],[103.8442913,1.3825612],[103.8439524,1.3829649],[103.8437271,1.3833265],[103.84358,1.3836014],[103.8434458,1.3838906],[103.8430259,1.384941],[103.8424767,1.3863425],[103.8420801,1.387338],[103.8417401,1.3882098],[103.841532,1.3887229],[103.84139,1.3890178],[103.8412463,1.3892798],[103.8410494,1.3895876],[103.8408264,1.3898918],[103.8405439,1.3902271],[103.8402302,1.3905414],[103.8398883,1.3908216],[103.839514,1.3910861],[103.8381183,1.3919797],[103.8360566,1.3932671],[103.8323066,1.3956421],[103.8317077,1.396017],[103.8312002,1.3963575],[103.8306853,1.3967602],[103.8301289,1.3972821],[103.8298702,1.3975664],[103.8296248,1.3978637],[103.8292812,1.3983111],[103.8289457,1.3988144],[103.8285647,1.399516],[103.8283294,1.4000724],[103.8280274,1.4009645],[103.8278565,1.4018187],[103.8278012,1.4022938],[103.8277789,1.4025074],[103.827774,1.4027513],[103.8277929,1.4033981],[103.8277951,1.4036962],[103.8278157,1.4040105],[103.8278612,1.4043998],[103.8279347,1.4048403],[103.8280284,1.4051894],[103.8281421,1.4055432],[103.8282543,1.4057931],[103.828415,1.406154],[103.8288214,1.4070675],[103.8289166,1.4073045],[103.8290111,1.407607],[103.8290648,1.4078479],[103.8291107,1.4081375],[103.8291311,1.4084092],[103.8291337,1.4087227],[103.8291397,1.4093029],[103.8291448,1.409554],[103.8291619,1.4097676],[103.8291919,1.409981],[103.8292735,1.4102912],[103.8293597,1.4105511],[103.8294774,1.4108166],[103.8296518,1.4111579],[103.8299316,1.4115871],[103.830274,1.4120265],[103.8306242,1.412522],[103.8308286,1.412861],[103.8311675,1.4134981],[103.8317345,1.4146148],[103.8322851,1.4157059],[103.8324835,1.4161151],[103.8327911,1.4167285],[103.8330949,1.4173364],[103.8333888,1.4179247],[103.8338424,1.4188564],[103.834052,1.4192868],[103.8343591,1.4198878],[103.8345194,1.4202867],[103.8346123,1.420644],[103.8346849,1.4209867],[103.8347196,1.4213424],[103.834762,1.4220623],[103.8347885,1.4227896],[103.8349141,1.4252583],[103.8350365,1.4274539],[103.8350488,1.4278981],[103.8350529,1.4283157],[103.8350782,1.4287941],[103.8351056,1.4293794],[103.8351393,1.4301],[103.8351531,1.4307185],[103.8351357,1.4311885],[103.8350989,1.4315591],[103.8350486,1.4318697],[103.8349893,1.4321733],[103.8347228,1.4333828],[103.8345389,1.434096],[103.8343333,1.4348937],[103.8342478,1.4352304],[103.8341408,1.4355566],[103.8340016,1.4359186],[103.8338046,1.4363192],[103.8332148,1.4373275],[103.8331354,1.4374632],[103.8326292,1.4383743],[103.8319997,1.4393723],[103.8306561,1.4415428],[103.8296077,1.4432586],[103.8289973,1.4442581],[103.8285706,1.4449568],[103.8281599,1.4456296],[103.8279228,1.4460188],[103.8276835,1.4463729],[103.8273591,1.446783],[103.8271302,1.447039],[103.8269026,1.4472679],[103.8261376,1.4479572],[103.825902,1.4481838],[103.8256505,1.4484045],[103.825323,1.4486629],[103.8248588,1.4489693],[103.8245845,1.4491109],[103.8242971,1.4492338],[103.8237774,1.4494143],[103.8233878,1.4495076],[103.823021,1.4495465],[103.8225093,1.4495391],[103.8220931,1.4495168],[103.8218073,1.4494926],[103.8214407,1.4494626],[103.8211548,1.4494182],[103.8207492,1.4493303],[103.8200401,1.4491678],[103.8193352,1.4490076],[103.8190731,1.448944],[103.8184802,1.4488031],[103.8182042,1.4487349],[103.8156956,1.4481361],[103.8129698,1.4475136],[103.8111909,1.4470781],[103.8107653,1.4469461],[103.8103919,1.4467896],[103.8097669,1.4464842],[103.8093677,1.4462557],[103.8089726,1.4459817],[103.808356,1.4454504],[103.8078994,1.4449131],[103.8075556,1.4445773],[103.807111,1.4441852],[103.806679,1.4437736],[103.8063118,1.443428],[103.8060482,1.4431986],[103.8058473,1.44304],[103.8054726,1.4427894],[103.8050868,1.4425692],[103.8041071,1.4420909],[103.8030855,1.441646],[103.8016077,1.4409969],[103.8009276,1.4406915],[103.8002729,1.4403975],[103.7987034,1.4397017],[103.7983433,1.4395263],[103.7978853,1.4393191],[103.7974132,1.4391689],[103.7970807,1.4390831],[103.7966408,1.4390187],[103.7961148,1.4389834],[103.7923361,1.4387928],[103.7918808,1.4387582],[103.7914551,1.4387035],[103.7910403,1.438614],[103.7906277,1.4384924],[103.7901351,1.4383184],[103.7895477,1.4381016],[103.789304,1.4380218],[103.789107,1.4379649],[103.7885395,1.4378161],[103.788294,1.4377404],[103.788029,1.4376551],[103.7875012,1.4374549],[103.7869348,1.4372496],[103.7864102,1.4370569],[103.7857708,1.4368221],[103.7855611,1.4367421],[103.7845,1.4363414],[103.7842678,1.4362577],[103.7839996,1.436151],[103.7838175,1.4360592],[103.7836183,1.4359513],[103.7834201,1.4358239],[103.7832441,1.4357036],[103.7830737,1.4355743],[103.7829246,1.4354503],[103.7827678,1.4353062],[103.7825639,1.4351126],[103.7823193,1.4348848],[103.7820615,1.4346339],[103.781678,1.4342684],[103.7816068,1.4342014],[103.7812257,1.4338353],[103.7810514,1.4336745],[103.7808737,1.4335223],[103.7807104,1.4333926],[103.7805384,1.4332737],[103.7803508,1.4331518],[103.7801416,1.4330302],[103.7799173,1.4329233],[103.7796916,1.4328269],[103.7794861,1.4327482],[103.7792796,1.4326817],[103.7790791,1.4326268],[103.7788009,1.4325685],[103.7785508,1.4325281],[103.7782896,1.4325062],[103.7779759,1.4324865],[103.776619,1.4324918],[103.7761415,1.4325606],[103.7760225,1.4325702],[103.7754002,1.4326202],[103.7748692,1.4326284],[103.7741196,1.4326312],[103.7733688,1.4326341],[103.7726301,1.4326437],[103.7721476,1.4325966],[103.771668,1.4325082],[103.7695656,1.4320178],[103.7691829,1.4318947],[103.7690208,1.4318326],[103.7686751,1.4316848],[103.7683661,1.4315153],[103.7681692,1.4313977],[103.7679135,1.4312121],[103.7676012,1.4309452],[103.7673443,1.4307057],[103.7671306,1.4304464],[103.7668208,1.4300186],[103.7663705,1.4291772],[103.7662829,1.4290391],[103.7654183,1.4277694],[103.7652435,1.4275886],[103.7650651,1.4274275],[103.7646439,1.4271114],[103.7641461,1.4267686],[103.7625594,1.4256898],[103.7619541,1.4252574],[103.7613691,1.4248395],[103.7606601,1.4243649],[103.7603292,1.4241654],[103.7600264,1.4240071],[103.7593276,1.4237307],[103.7591341,1.4236627],[103.7583185,1.4233632],[103.757764,1.4232236],[103.7569703,1.4230564],[103.7562217,1.4229053],[103.7544749,1.4225378],[103.7520878,1.4220254],[103.751721,1.4219268],[103.7513759,1.4217985],[103.7511026,1.4216858],[103.7506631,1.4214538],[103.7503772,1.4212706],[103.7501161,1.4210853],[103.7498119,1.4208191],[103.7495392,1.4205458],[103.7492841,1.4202652],[103.7491112,1.4200177],[103.7488277,1.4195715],[103.7486116,1.4191218],[103.7484217,1.4186378],[103.7483021,1.4181677],[103.7482144,1.4176606],[103.7481807,1.4172324],[103.7481903,1.4167609],[103.7482426,1.4162884],[103.748532,1.4145626],[103.748741,1.4134024],[103.7489155,1.4124341],[103.7496357,1.4083794],[103.7496848,1.4080735],[103.7497237,1.4077205],[103.7497464,1.4073661],[103.749759,1.4070537],[103.7497608,1.4066673],[103.7497217,1.4062767],[103.7496518,1.4058129],[103.7495569,1.4052828],[103.7494524,1.4048221],[103.7491195,1.4035494],[103.7487044,1.4020713],[103.7483389,1.4007853],[103.7481244,1.3999909],[103.7479779,1.3995358],[103.7477772,1.399],[103.7475364,1.3982232],[103.7473332,1.3974678],[103.7471572,1.3968136],[103.7470642,1.3964645],[103.7469705,1.3960913],[103.7468678,1.3957457],[103.7466032,1.3951472],[103.7461785,1.3944703],[103.7456057,1.3935944],[103.7451993,1.3929685],[103.7449085,1.3924893],[103.7446533,1.3919918],[103.7444284,1.3914387],[103.7442371,1.3907807],[103.744164,1.390396],[103.7441099,1.389999],[103.7440866,1.3895914],[103.7440838,1.3891826],[103.7442017,1.3872844],[103.7441855,1.3866356],[103.7442121,1.3861466],[103.7442552,1.3853063],[103.744297,1.384493],[103.7443269,1.3837898],[103.7443235,1.3835007],[103.7443032,1.3830859],[103.7442564,1.3826933],[103.7441968,1.3823016],[103.7438915,1.3807522],[103.7436535,1.3793317],[103.7435665,1.3787564],[103.7435239,1.3783644],[103.7435121,1.3781197],[103.7435152,1.3777669],[103.7435252,1.3775149],[103.7435596,1.3771717],[103.7436066,1.3767264],[103.7436454,1.3764594],[103.7436908,1.3761876],[103.7437528,1.3759097],[103.7438697,1.3754281],[103.7440366,1.3748323],[103.744158,1.3744812],[103.7443511,1.3740222],[103.7445477,1.3736098],[103.7447849,1.3731795],[103.7451221,1.3726506],[103.7456211,1.3719937],[103.7459917,1.3715809],[103.7465644,1.3710239],[103.7479716,1.3697819],[103.7487814,1.3690475],[103.7494225,1.3684985],[103.7500552,1.3679388],[103.7505475,1.3674822],[103.7509278,1.367004],[103.7512172,1.3664627],[103.7513353,1.3661168],[103.7514318,1.3657628],[103.7514835,1.3653318],[103.7515158,1.3648856],[103.7515718,1.363747],[103.7516253,1.361957],[103.7516595,1.361107],[103.7517168,1.3595507],[103.7517424,1.3588876],[103.7517707,1.3581555],[103.7517957,1.3577545],[103.7518689,1.3569828],[103.7518949,1.3563782],[103.7519516,1.3550815],[103.7519596,1.3547544],[103.751983,1.3536865],[103.7519691,1.3532485],[103.7519505,1.3530995],[103.7519251,1.3529318],[103.7518773,1.3527069],[103.7518319,1.3524728],[103.7517543,1.3522355],[103.7516829,1.3520606],[103.7515426,1.3517976],[103.7514079,1.3515751],[103.7513473,1.3514782],[103.7512357,1.3513178],[103.7511167,1.3511557],[103.7507655,1.3506872],[103.7505663,1.3504264],[103.750293,1.3501021],[103.7500384,1.3497743],[103.7499154,1.3496131],[103.7495298,1.3490907],[103.7490708,1.3484689],[103.7487915,1.3480922],[103.7485439,1.3477142],[103.7482057,1.3472661],[103.747513,1.3463054],[103.7470372,1.3456743],[103.7466002,1.345082],[103.7451043,1.3431295],[103.7438412,1.3414293],[103.7436738,1.3412051],[103.7432677,1.3406612],[103.7419858,1.3388866],[103.7416643,1.3384828],[103.7413206,1.3380463],[103.741231,1.337914],[103.7411603,1.337801],[103.7410812,1.3376656],[103.7410103,1.3375099],[103.7409486,1.3373459],[103.740896,1.3371864],[103.7408481,1.336972],[103.7408237,1.3368396],[103.7408054,1.3366599],[103.7407964,1.3364975],[103.7408007,1.3362859],[103.740809,1.3361052],[103.740833,1.3359164],[103.740876,1.3357207],[103.7409328,1.3355352],[103.7410017,1.3353425],[103.7410743,1.335172],[103.7411555,1.335025],[103.7412932,1.3347793],[103.7417287,1.3339966],[103.7422345,1.3330703],[103.7425871,1.3324228]]}},{"type":"Feature","properties":{"id":"osm-rel-2312985","ref":"SKLRT","name":"LRT Sengkang Line (East Loop ↻)","route":"light_rail","colour":"#748477","source":"osm-overpass"},"geometry":{"type":"LineString","coordinates":[[103.8940405,1.3875305],[103.8944102,1.3887511],[103.8945818,1.3892684],[103.8947993,1.3899391],[103.8953026,1.3915123],[103.8953902,1.3917862],[103.8957905,1.3928545],[103.8958138,1.3929019],[103.8961266,1.3936178],[103.8963459,1.3940471],[103.8965341,1.39441],[103.8967665,1.394898],[103.8968958,1.3950851],[103.8970705,1.3952205],[103.8972482,1.3952931],[103.8974094,1.3953298],[103.8976007,1.395326],[103.8979064,1.3952596],[103.8992151,1.3949582],[103.8997859,1.3948045],[103.9002502,1.3946374],[103.9002686,1.3946306],[103.9002862,1.3946236],[103.9004522,1.3945625],[103.900637,1.3944944],[103.900848,1.3944239],[103.9012896,1.3942381],[103.9017454,1.3940455],[103.9032006,1.3935068],[103.9035071,1.393361],[103.9041096,1.3930462],[103.9046198,1.3927291],[103.9050845,1.3923846],[103.9055388,1.3920205],[103.9060303,1.3915046],[103.9063482,1.3911709],[103.9066602,1.3907037],[103.9067581,1.3904962],[103.9068272,1.3902926],[103.9068573,1.3900721],[103.9068494,1.3898685],[103.9067972,1.3896349],[103.9067032,1.3894261],[103.9065753,1.3892095],[103.9053883,1.38808],[103.9040227,1.3867806],[103.9037472,1.3864792],[103.9033204,1.3859297],[103.9029614,1.385289],[103.9023204,1.3840583],[103.9022504,1.3839262],[103.9021559,1.3837477],[103.9019981,1.3834292],[103.9019317,1.3832455],[103.9018929,1.3830518],[103.9018416,1.3824993],[103.9017667,1.3820485],[103.9017141,1.3818925],[103.90162,1.3817449],[103.9014963,1.3816111],[103.9013735,1.3815243],[103.9012507,1.3814727],[103.9011151,1.381445],[103.9009581,1.3814413],[103.9007855,1.3814699],[103.9003388,1.3815954],[103.9000461,1.3817135],[103.8998274,1.3818344],[103.8996169,1.381994],[103.8983509,1.3830738],[103.8979201,1.3834392],[103.8974932,1.3838594],[103.8973303,1.3840222],[103.8969828,1.3843697],[103.8965821,1.3848526],[103.8957988,1.3856956],[103.8956095,1.3858679],[103.8953876,1.3860427],[103.8950681,1.3862361],[103.8947076,1.3864077],[103.8943728,1.3865536],[103.8942152,1.3866416],[103.8941022,1.3867459],[103.8940173,1.3868863],[103.8939638,1.3870506],[103.8939536,1.387191],[103.8939762,1.3873338],[103.8940405,1.3875305]]}},{"type":"Feature","properties":{"id":"osm-rel-2313458","ref":"DTL","name":"MRT Downtown Line (Bukit Panjang → Expo)","route":"subway","colour":"#0354a6","source":"osm-overpass"},"geometry":{"type":"LineString","coordinates":[[103.9622336,1.3355083],[103.9621796,1.3355533],[103.9614528,1.3361424],[103.9612372,1.336363],[103.9609654,1.3367313],[103.9607612,1.3371417],[103.9606477,1.3375857],[103.9605832,1.3378815],[103.9605869,1.3383664],[103.9606892,1.3389236],[103.9610997,1.3402652],[103.9611699,1.3405138],[103.9615006,1.3416205],[103.9619956,1.3431864],[103.9629423,1.3463196],[103.9633386,1.3477316],[103.9635418,1.3488426],[103.9636311,1.3499248],[103.9636532,1.3508488],[103.9636928,1.3519274],[103.9637149,1.3527846],[103.9637212,1.353022],[103.9636896,1.3533953],[103.9635486,1.3540519],[103.9633249,1.3552009],[103.9630758,1.3557965],[103.963031,1.3559102],[103.9627744,1.3563268],[103.962445,1.356671],[103.9618178,1.3570946],[103.9614209,1.3572479],[103.9610921,1.3573292],[103.9599057,1.3575467],[103.9595922,1.3575509],[103.9592282,1.3575407],[103.9589679,1.3575024],[103.9586507,1.3574127],[103.9585265,1.3573662],[103.9582047,1.3572103],[103.9578514,1.3569771],[103.9573543,1.3566597],[103.9570519,1.3565173],[103.9567575,1.3563812],[103.956446,1.3563082],[103.956063,1.3562589],[103.9557429,1.3562658],[103.955005,1.3562947],[103.9535992,1.3563423],[103.9527346,1.3563873],[103.9498123,1.3567935],[103.9491659,1.3568268],[103.9469451,1.3567866],[103.9458373,1.3568715],[103.9453217,1.3568674],[103.9448368,1.3567679],[103.9441815,1.3564798],[103.9438042,1.3562048],[103.9433457,1.3557423],[103.942961,1.3553339],[103.9423908,1.3547284],[103.9420425,1.3543877],[103.9411808,1.3538025],[103.9399825,1.3528366],[103.9392304,1.3520139],[103.9388561,1.3516277],[103.9385203,1.3511158],[103.9383618,1.3507492],[103.9382597,1.3505097],[103.9382212,1.3503524],[103.9381671,1.3501184],[103.9381304,1.3499636],[103.9381071,1.3496583],[103.938137,1.3488538],[103.938176,1.3484326],[103.9382072,1.3482105],[103.9382601,1.3476466],[103.9383138,1.3471612],[103.9383116,1.3464593],[103.9382938,1.3454164],[103.9382842,1.3448541],[103.9382916,1.3443681],[103.93834,1.3439464],[103.9384698,1.3435384],[103.9386598,1.3431032],[103.9395248,1.341055],[103.939771,1.3402974],[103.9398188,1.3398156],[103.9397929,1.3393742],[103.9397045,1.339026],[103.9396472,1.3388489],[103.9395857,1.3387067],[103.9394799,1.3384656],[103.9392307,1.3380938],[103.9387248,1.3375931],[103.9381066,1.3372469],[103.9375828,1.3371019],[103.9367929,1.3370135],[103.9337043,1.3367347],[103.933029,1.3367493],[103.9321366,1.3367791],[103.9312045,1.3368137],[103.9305931,1.3367981],[103.9298406,1.3367132],[103.9280056,1.3363775],[103.9269498,1.3360881],[103.9264528,1.3359107],[103.9226606,1.3342766],[103.9221157,1.3340781],[103.9217143,1.3339946],[103.9212138,1.3339192],[103.9205095,1.3339243],[103.9201454,1.3339701],[103.9198267,1.3340295],[103.9194121,1.3341496],[103.9180085,1.3347343],[103.9168805,1.3352042],[103.9145445,1.3361895],[103.9142325,1.3362986],[103.9140239,1.3363759],[103.9138184,1.3364165],[103.9134489,1.3364849],[103.9129224,1.3364929],[103.9125366,1.3364299],[103.9123703,1.3363965],[103.9120436,1.336298],[103.9108103,1.3356915],[103.9099319,1.3352922],[103.9086462,1.3350529],[103.9061154,1.3345819],[103.9055318,1.3343695],[103.9050918,1.334155],[103.9047688,1.3339679],[103.9040628,1.3334622],[103.9022675,1.3319106],[103.9013834,1.331187],[103.9007816,1.33083],[103.8998937,1.3303604],[103.8993187,1.3300876],[103.8985768,1.3297111],[103.8973403,1.3291836],[103.8928777,1.3275341],[103.8917184,1.3271832],[103.8908762,1.3268346],[103.8896697,1.3263813],[103.8885904,1.3259758],[103.8884203,1.3259582],[103.8880109,1.3259488],[103.8873719,1.3260126],[103.8870032,1.3260315],[103.8865952,1.3259885],[103.8862247,1.3259476],[103.8858414,1.3259234],[103.8854309,1.3259705],[103.8850988,1.3260623],[103.8847633,1.3262051],[103.8839257,1.3266195],[103.8833481,1.3269039],[103.8826337,1.3272555],[103.8823199,1.3274138],[103.8820061,1.3275371],[103.8811624,1.327622],[103.8807152,1.3275924],[103.8802556,1.3274594],[103.8800186,1.3273601],[103.8797531,1.3272046],[103.8795707,1.3270759],[103.8792758,1.3268145],[103.8789779,1.3264511],[103.8779667,1.3248717],[103.8777709,1.3246197],[103.8773954,1.3242603],[103.8770869,1.3240565],[103.8767815,1.3238984],[103.8751071,1.3232676],[103.8730368,1.3222224],[103.8724699,1.3219044],[103.8720129,1.3216183],[103.8714605,1.3212725],[103.8679584,1.3191049],[103.867446,1.3189549],[103.8669098,1.318536],[103.8665727,1.3181894],[103.8652879,1.3165403],[103.8647246,1.3155884],[103.8642311,1.3147651],[103.86392,1.3144219],[103.8635525,1.314135],[103.862606,1.3136853],[103.8622543,1.3135182],[103.8613018,1.3130717],[103.8607361,1.3128229],[103.8604908,1.312684],[103.8600734,1.3124176],[103.8596325,1.3119836],[103.8593171,1.3115693],[103.8578284,1.3093025],[103.8563141,1.3069603],[103.8553671,1.305462],[103.8541338,1.303655],[103.8539066,1.3033216],[103.8507556,1.2994908],[103.8503476,1.2989964],[103.8488712,1.2972074],[103.8480579,1.2964794],[103.8474083,1.295957],[103.8462262,1.2950871],[103.8459429,1.2948656],[103.8453913,1.2942972],[103.8451955,1.294037],[103.8448084,1.2934141],[103.8443026,1.2925536],[103.843752,1.2916169],[103.8433716,1.2909238],[103.8432455,1.2905806],[103.8431749,1.2902896],[103.8431275,1.2899853],[103.8430729,1.2895793],[103.8430309,1.2892478],[103.8429404,1.2888836],[103.8426358,1.2880776],[103.8424649,1.2874947],[103.8424194,1.2871616],[103.8424223,1.2869299],[103.8424267,1.2866936],[103.842532,1.2863437],[103.8426537,1.2861164],[103.8428485,1.2858557],[103.8430739,1.2856345],[103.844097,1.2848117],[103.8451046,1.2842318],[103.8462224,1.2835885],[103.8483488,1.2823463],[103.8490392,1.281943],[103.8510772,1.280722],[103.8515205,1.2803842],[103.8517019,1.280224],[103.852129,1.2799033],[103.8528318,1.2794381],[103.8532304,1.2791743],[103.8540673,1.2786621],[103.8545295,1.2783471],[103.8547096,1.2782765],[103.8548632,1.2782147],[103.8550894,1.2781756],[103.8553967,1.2781606],[103.8558085,1.2782875],[103.856107,1.2783704],[103.856646,1.2786963],[103.8567689,1.2788322],[103.8570183,1.2791315],[103.8571886,1.2793096],[103.8578567,1.2799588],[103.8580311,1.2801208],[103.8582459,1.2803897],[103.8582989,1.2804724],[103.8586333,1.2809941],[103.8589234,1.281458],[103.8590046,1.2815763],[103.8591201,1.2817135],[103.8591834,1.2817902],[103.8593331,1.2819663],[103.8594179,1.2820862],[103.8595425,1.2822977],[103.8597535,1.2826557],[103.8599786,1.283028],[103.8600202,1.2831282],[103.8600708,1.2833072],[103.8600974,1.2833964],[103.860132,1.2834796],[103.8603364,1.2838964],[103.8605687,1.2843409],[103.8608805,1.2851111],[103.8610537,1.2858289],[103.8611125,1.286237],[103.8611356,1.288652],[103.8611294,1.2895446],[103.8609399,1.2907868],[103.8609264,1.2914437],[103.8609504,1.292573],[103.8609744,1.2937022],[103.8609789,1.2940459],[103.8609817,1.2943433],[103.8609128,1.2948876],[103.8607937,1.2952752],[103.8605828,1.2957151],[103.8603575,1.296033],[103.8599332,1.2964543],[103.8589991,1.2970353],[103.8586855,1.2973197],[103.8580644,1.298123],[103.8576086,1.2987236],[103.8567563,1.2997631],[103.8556236,1.3009412],[103.8553551,1.3012219],[103.8547115,1.3019037],[103.8545477,1.3021106],[103.8541753,1.302653],[103.8538729,1.3031522],[103.8533891,1.3036133],[103.8526118,1.3039839],[103.8517751,1.3044643],[103.8509477,1.3050015],[103.8496105,1.3062576],[103.8492198,1.3065924],[103.8475013,1.3080652],[103.8467515,1.3088742],[103.8457842,1.3099049],[103.8447712,1.3104555],[103.8443271,1.3106436],[103.8433766,1.3110232],[103.8418527,1.3116408],[103.840918,1.3119073],[103.8396309,1.3123864],[103.8391575,1.3126832],[103.8386366,1.3131157],[103.8383922,1.3133568],[103.8380771,1.3137074],[103.8374421,1.3144141],[103.8366025,1.3157537],[103.8358971,1.3165906],[103.8353078,1.3172393],[103.8345049,1.3176771],[103.8293426,1.319392],[103.8282092,1.3196829],[103.8265746,1.3199424],[103.8258805,1.3201703],[103.8253186,1.3203548],[103.8237732,1.3211745],[103.820734,1.3220593],[103.8194571,1.3223445],[103.8181999,1.3224892],[103.8167851,1.3225342],[103.8162039,1.3225907],[103.815838,1.3226262],[103.814244,1.3228841],[103.8129707,1.3231074],[103.8116989,1.3234],[103.810961,1.3237207],[103.8094126,1.3247993],[103.8082838,1.3253661],[103.8070376,1.3261552],[103.8063471,1.3265925],[103.8053257,1.3272209],[103.8047984,1.3276677],[103.8042357,1.328452],[103.8036367,1.3289978],[103.8009003,1.3300858],[103.79994,1.3302811],[103.7987021,1.3304804],[103.7973038,1.3309436],[103.7966376,1.3311643],[103.792875,1.3324918],[103.7864849,1.3347464],[103.7848676,1.335317],[103.7838362,1.3357077],[103.7828662,1.3360753],[103.7807179,1.3369891],[103.7793552,1.3375783],[103.7785657,1.3379053],[103.7780413,1.3381853],[103.7778655,1.3383372],[103.7775064,1.3386616],[103.7773454,1.3388118],[103.7770276,1.3391733],[103.7768301,1.3394038],[103.7764865,1.3398606],[103.7763279,1.3401301],[103.776171,1.3403854],[103.7760198,1.3408082],[103.7759499,1.3411579],[103.7757414,1.342202],[103.7755431,1.3431085],[103.7752022,1.3439814],[103.7749907,1.3442932],[103.7748354,1.3445208],[103.7745236,1.3448431],[103.7740987,1.3452207],[103.77257,1.3461554],[103.77196,1.3467221],[103.7717723,1.3469808],[103.7713677,1.3475493],[103.7705489,1.3486959],[103.7703618,1.349119],[103.7700236,1.3521782],[103.7695051,1.3539191],[103.7693363,1.3544893],[103.7692592,1.3547495],[103.7690202,1.3553763],[103.768835,1.3557056],[103.7686454,1.3559686],[103.7677949,1.3571548],[103.7676723,1.3573842],[103.7676016,1.3579036],[103.7675134,1.3585258],[103.7674469,1.3590155],[103.7671994,1.3614228],[103.7672579,1.3616689],[103.767437,1.3622771],[103.7676652,1.3630527],[103.7677296,1.3632687],[103.7677852,1.3637131],[103.7677657,1.3640212],[103.7676522,1.3645542],[103.7672113,1.3654918],[103.7652754,1.3685162],[103.7647376,1.369362],[103.7643109,1.3700336],[103.7638908,1.3706551],[103.76328,1.3714423],[103.7631573,1.3717798],[103.7630834,1.3721439],[103.7629861,1.3731582],[103.7629368,1.3736844],[103.7628213,1.3749099],[103.7626391,1.3767904],[103.7625957,1.3770994],[103.7624896,1.3775347],[103.7624345,1.3777059],[103.7622547,1.3780912],[103.7620651,1.3784974],[103.7619573,1.3787283],[103.7617929,1.3790367],[103.7616621,1.3792709],[103.7596952,1.3829791],[103.7594299,1.383457],[103.7592698,1.383674],[103.7588707,1.384073],[103.7580222,1.3849147],[103.7566103,1.3867485],[103.7559579,1.3884168],[103.7556052,1.3896606]]}},{"type":"Feature","properties":{"id":"osm-rel-2383439","ref":"TEL","name":"MRT Thomson–East Coast Line (Woodlands North → Bayshore)","route":"subway","colour":"#9D5B25","source":"osm-overpass"},"geometry":{"type":"LineString","coordinates":[[103.7858045,1.4484581],[103.7864412,1.4472763],[103.7870028,1.4461855],[103.7872172,1.4457877],[103.7880123,1.4441421],[103.788625,1.4431427],[103.7889861,1.4424558],[103.7891371,1.4418685],[103.7891692,1.4413399],[103.78908,1.440696],[103.788955,1.4403565],[103.7887878,1.4400132],[103.7882665,1.4392128],[103.7880492,1.4386959],[103.7879608,1.4382843],[103.7879391,1.4378588],[103.7879681,1.4374941],[103.788004,1.4372062],[103.7881226,1.4362549],[103.7882288,1.4354028],[103.788336,1.4345427],[103.7883482,1.4342802],[103.7882897,1.4337954],[103.7882002,1.4333227],[103.7880552,1.4327844],[103.7879496,1.4320826],[103.7879978,1.4314765],[103.7880847,1.431016],[103.7882645,1.4304992],[103.788429,1.4301973],[103.78881,1.4296654],[103.7892265,1.4292767],[103.7896598,1.4289903],[103.7898679,1.428882],[103.7901202,1.4287508],[103.7909458,1.4284573],[103.7916109,1.4282185],[103.7929602,1.4276519],[103.7937603,1.4273684],[103.7944618,1.4271055],[103.7948858,1.4268942],[103.7952205,1.4267504],[103.7955312,1.4265956],[103.7958695,1.4263497],[103.7962267,1.4260603],[103.7967051,1.4255447],[103.7972571,1.4247584],[103.7985521,1.4228023],[103.8004728,1.4202174],[103.8005343,1.4201332],[103.8018747,1.4182994],[103.8021111,1.4180225],[103.8023055,1.4178102],[103.8025361,1.4175843],[103.8027801,1.4173505],[103.8036807,1.4166016],[103.8047378,1.4156589],[103.8054417,1.4148658],[103.8056841,1.4145578],[103.8062006,1.4139166],[103.8065762,1.4134119],[103.8067969,1.413069],[103.8069569,1.4126948],[103.807036,1.412373],[103.8070832,1.4120215],[103.807134,1.411537],[103.8072115,1.4110262],[103.8073161,1.4106535],[103.8080004,1.4088265],[103.8085502,1.4075285],[103.8088059,1.4070193],[103.8093706,1.4061425],[103.8099107,1.4053666],[103.8108448,1.4042146],[103.811244,1.4036372],[103.8115041,1.4033104],[103.81179,1.403043],[103.8121045,1.4028378],[103.812562,1.4026287],[103.8131231,1.4024572],[103.8135506,1.4024062],[103.8139891,1.4023964],[103.8146385,1.402364],[103.8152167,1.4022826],[103.8155719,1.40218],[103.8159338,1.4020148],[103.8163438,1.4017516],[103.816695,1.4014269],[103.8169883,1.4010651],[103.817322,1.4004527],[103.8177373,1.3991246],[103.8180641,1.3982167],[103.8184033,1.3973347],[103.8186993,1.3966038],[103.8189833,1.3960583],[103.8193373,1.3956428],[103.8208554,1.3943101],[103.8224506,1.3927078],[103.8238478,1.3918534],[103.8258388,1.3909923],[103.8317553,1.388003],[103.8348223,1.3864815],[103.8353484,1.3861445],[103.835717,1.3857927],[103.8361919,1.3853577],[103.8366337,1.3849405],[103.8373233,1.3842893],[103.8379808,1.3834576],[103.839254,1.3814675],[103.8396232,1.3807831],[103.8398269,1.3800687],[103.8398689,1.3794681],[103.8398076,1.3789111],[103.8396084,1.3771311],[103.839485,1.376542],[103.8393443,1.3761424],[103.8390943,1.375742],[103.8388684,1.3754621],[103.8379535,1.3746397],[103.8378138,1.3744915],[103.8375795,1.3742184],[103.8373964,1.3739356],[103.8372783,1.3737144],[103.8372515,1.3736444],[103.8371544,1.3733187],[103.837047,1.3729063],[103.8369397,1.3724697],[103.8368595,1.3721204],[103.8367557,1.37153],[103.8366564,1.3708211],[103.8365578,1.3703105],[103.8364393,1.3696632],[103.8358741,1.3667098],[103.8356496,1.3660457],[103.8354793,1.3657126],[103.8353173,1.3654792],[103.8350997,1.3652182],[103.8347997,1.364906],[103.8342677,1.3644117],[103.8334758,1.3637045],[103.8321818,1.3625579],[103.8314047,1.3618857],[103.8306659,1.3612499],[103.8297263,1.3604385],[103.8293853,1.3599682],[103.8291116,1.3595602],[103.8289049,1.359098],[103.8288551,1.3588846],[103.8288211,1.3586061],[103.8288049,1.3582989],[103.8288265,1.3580183],[103.8288827,1.3577544],[103.8290264,1.3573649],[103.8293263,1.3570029],[103.8298334,1.3564728],[103.8303473,1.3559869],[103.8306252,1.3557486],[103.8311744,1.3554071],[103.8313778,1.3553083],[103.8321663,1.3549054],[103.8326808,1.3546425],[103.8332057,1.3543627],[103.8335933,1.3540803],[103.8339642,1.3537225],[103.8345226,1.3532115],[103.8350708,1.3527141],[103.8353259,1.352421],[103.8355023,1.3521453],[103.8356357,1.3518498],[103.8359194,1.3510383],[103.8361126,1.3506575],[103.8363423,1.350334],[103.8370844,1.3494391],[103.8375222,1.3488177],[103.8379307,1.3480577],[103.8383899,1.3469591],[103.8386368,1.3463411],[103.8387685,1.3459913],[103.8388813,1.3455852],[103.8390738,1.3446206],[103.8392965,1.3429017],[103.8393404,1.3421178],[103.8393539,1.3412931],[103.8393699,1.3407918],[103.8394095,1.340519],[103.8395466,1.3400135],[103.8397059,1.3396416],[103.8398363,1.3394064],[103.8399954,1.3390915],[103.8401571,1.3386686],[103.8402133,1.3381446],[103.8402259,1.3375869],[103.8402726,1.335518],[103.8403457,1.3331865],[103.8403393,1.3318519],[103.8402759,1.3314891],[103.8401149,1.3310613],[103.8399032,1.3306476],[103.8396853,1.3303504],[103.8393617,1.3299987],[103.8389486,1.3296984],[103.8385194,1.3294892],[103.838039,1.3293228],[103.836614,1.328938],[103.8352692,1.3285215],[103.8308682,1.3271586],[103.8295182,1.3267454],[103.8288464,1.3265039],[103.8283998,1.326261],[103.8280501,1.325984],[103.8277268,1.325651],[103.8275211,1.3253456],[103.8272676,1.324927],[103.8262899,1.3231412],[103.8258967,1.3222898],[103.8256218,1.3216237],[103.8255015,1.3210983],[103.8254847,1.3207891],[103.8254885,1.3205288],[103.8255167,1.3202334],[103.8255907,1.3197019],[103.8256163,1.3195183],[103.825744,1.3186007],[103.8257565,1.3183242],[103.8257247,1.3179295],[103.825609,1.3174646],[103.8253174,1.316881],[103.8230539,1.3137251],[103.8228687,1.3134406],[103.822465,1.3125776],[103.822277,1.3122015],[103.8220873,1.3118403],[103.821923,1.3116271],[103.8217223,1.3114181],[103.8203902,1.3105242],[103.8200447,1.3102736],[103.8196386,1.3099065],[103.8194145,1.3095998],[103.8192519,1.3093036],[103.8191192,1.308972],[103.8189965,1.3086575],[103.8189042,1.3082602],[103.8188732,1.307958],[103.818879,1.3073777],[103.8188714,1.3068017],[103.8188584,1.3059643],[103.8189193,1.3053649],[103.8189967,1.3048885],[103.8191533,1.3044396],[103.8194134,1.3039587],[103.8197911,1.3034872],[103.8202905,1.303026],[103.8206465,1.3027853],[103.8210399,1.3025814],[103.8215498,1.3024228],[103.8221083,1.3023305],[103.8227828,1.3023541],[103.8233924,1.3024439],[103.8239705,1.3025646],[103.8249541,1.3027699],[103.8254208,1.3029099],[103.8258525,1.3031301],[103.8262907,1.3034808],[103.8267821,1.3040096],[103.8271944,1.3043003],[103.8278559,1.3046246],[103.8282784,1.3047055],[103.8288602,1.3047362],[103.8293309,1.3046575],[103.8299104,1.3044422],[103.8303168,1.3042043],[103.8307662,1.3037637],[103.8313956,1.3029668],[103.8323199,1.3018889],[103.833415,1.3006837],[103.8337555,1.3001841],[103.8339136,1.2997581],[103.8339779,1.2994621],[103.8339919,1.2990196],[103.8339318,1.2983464],[103.8338037,1.2977526],[103.833537,1.2968367],[103.8334777,1.2966046],[103.8334434,1.2963863],[103.8334096,1.2958801],[103.8334402,1.2955094],[103.8335632,1.2949133],[103.8336185,1.2946454],[103.8338837,1.2933605],[103.8338902,1.2930036],[103.8338751,1.2927612],[103.8338222,1.2921608],[103.8336712,1.2904375],[103.8336619,1.29001],[103.8336374,1.288937],[103.8336558,1.2880943],[103.8336609,1.2870918],[103.8336864,1.2865061],[103.8337769,1.2860773],[103.8338918,1.2856953],[103.8340434,1.2853957],[103.834347,1.2849874],[103.8349895,1.2842606],[103.8356199,1.2837142],[103.836022,1.2834681],[103.8363623,1.2832957],[103.8373736,1.2828512],[103.838076,1.2824785],[103.838975,1.2818917],[103.8394678,1.2815774],[103.8402013,1.2811015],[103.8403545,1.2809928],[103.8409407,1.2805691],[103.8412622,1.2803951],[103.8416457,1.2802589],[103.8418883,1.280205],[103.8421234,1.2801734],[103.8424863,1.2801606],[103.8428096,1.2801965],[103.8431149,1.2802771],[103.8437159,1.2804271],[103.8443702,1.2805956],[103.8448298,1.2807124],[103.8450769,1.2807449],[103.8453674,1.2807492],[103.8456306,1.2807333],[103.8460017,1.2806534],[103.8463678,1.2805257],[103.8467146,1.2803305],[103.8470683,1.2800514],[103.8473386,1.2797891],[103.8476054,1.2795481],[103.8477321,1.2794449],[103.8481073,1.279199],[103.8481831,1.2791517],[103.8490128,1.2786565],[103.8499093,1.2781007],[103.8504686,1.277738],[103.8520493,1.2767102],[103.8530491,1.2760783],[103.8542782,1.2754393],[103.8556111,1.2745828],[103.8562768,1.2741827],[103.8581811,1.2729525],[103.8587609,1.2726052],[103.8591573,1.2725007],[103.8596362,1.2724472],[103.8600053,1.2724536],[103.8604262,1.2725167],[103.8609083,1.2726592],[103.8614719,1.27297],[103.8631463,1.2741363],[103.864417,1.2750216],[103.8647196,1.275232],[103.8654696,1.2757513],[103.865911,1.2761488],[103.8661441,1.2764954],[103.8665575,1.27711],[103.8674398,1.2784611],[103.868042,1.2794176],[103.8684807,1.2801216],[103.8688239,1.2806702],[103.8695864,1.2819196],[103.8709079,1.2839333],[103.8711514,1.284697],[103.8712155,1.2855534],[103.8711116,1.2863532],[103.8709379,1.286955],[103.8706698,1.2874885],[103.8688359,1.2911879],[103.8680484,1.2927361],[103.8677493,1.2934512],[103.8676623,1.2939225],[103.867649,1.2943911],[103.8676899,1.2948454],[103.8677917,1.2952123],[103.8679115,1.2955589],[103.8680972,1.2959448],[103.8684119,1.2963293],[103.8687662,1.2966278],[103.8691929,1.2968851],[103.8697981,1.2971128],[103.8702964,1.2971917],[103.8727887,1.2971694],[103.8735431,1.2972192],[103.8746526,1.2972774],[103.875065,1.2972161],[103.8754785,1.2970697],[103.875912,1.2969928],[103.8764585,1.2969869],[103.8770756,1.2970544],[103.8799095,1.297569],[103.8820462,1.2979267],[103.883189,1.2980303],[103.8841224,1.2981017],[103.8864152,1.2979677],[103.8877936,1.2978801],[103.8902985,1.2972577],[103.8909175,1.2971553],[103.891511,1.2972538],[103.89208,1.2973841],[103.8938204,1.2979738],[103.8948764,1.2983074],[103.8956578,1.2987837],[103.8961947,1.2989833],[103.8974055,1.2992272],[103.8974374,1.2992336],[103.8987922,1.2995127],[103.8993171,1.2996676],[103.90066,1.3005105],[103.9012586,1.3007393],[103.9017678,1.3008473],[103.9023639,1.3010126],[103.902783,1.3011969],[103.9034081,1.30157],[103.9056354,1.3031502],[103.9077072,1.3045103],[103.908736,1.3050132],[103.9099489,1.3056101],[103.910803,1.3058914],[103.9125439,1.306297],[103.9151398,1.3068965],[103.9159128,1.3070736],[103.9170438,1.3073423],[103.9197365,1.3078321],[103.9204455,1.3079604],[103.9212454,1.3081432],[103.9227004,1.3084761],[103.9243155,1.3086938],[103.9249379,1.3087857],[103.9265634,1.309263],[103.9271129,1.3093325],[103.9282718,1.3095155],[103.928821,1.3096512],[103.9293997,1.3098557],[103.9313277,1.3104236],[103.9317445,1.310483],[103.9321509,1.3104825],[103.9331524,1.3104169],[103.9336334,1.310419],[103.9341618,1.3104971],[103.9347438,1.3106847],[103.9353563,1.3109136],[103.935993,1.3112595],[103.9363713,1.3114201],[103.9371729,1.3116449],[103.9406514,1.31268],[103.9418391,1.3130456],[103.9443878,1.3138302]]}},{"type":"Feature","properties":{"id":"osm-rel-7981642","ref":"DTL","name":"MRT Downtown Line (Expo → Bukit Panjang)","route":"subway","colour":"#0354a6","source":"osm-overpass"},"geometry":{"type":"LineString","coordinates":[[103.9621845,1.3354135],[103.9621187,1.3354641],[103.9613496,1.3360662],[103.9611524,1.3362523],[103.9608075,1.3367334],[103.9606646,1.3370207],[103.9605381,1.3373961],[103.9604545,1.3378778],[103.9604481,1.3383512],[103.9605099,1.3388103],[103.9607501,1.3395975],[103.9613853,1.3416617],[103.9618515,1.3432058],[103.9628092,1.3463418],[103.9632265,1.3478321],[103.9634189,1.3488419],[103.9634863,1.3496754],[103.9635318,1.3505496],[103.9635935,1.3520914],[103.9636017,1.3528261],[103.9635858,1.3530998],[103.9635113,1.3536106],[103.9631815,1.3551871],[103.9630046,1.3557054],[103.9627616,1.3561249],[103.9624504,1.3564977],[103.9622984,1.3566114],[103.9618434,1.3569451],[103.961401,1.3571315],[103.9610743,1.357216],[103.9599794,1.3574367],[103.9595184,1.3574405],[103.9589052,1.3573849],[103.9584799,1.3572299],[103.9579379,1.3569157],[103.9577121,1.3567439],[103.9572131,1.3563948],[103.9565949,1.3561781],[103.9560602,1.3561199],[103.9555459,1.3561224],[103.9550048,1.3561421],[103.9535967,1.356213],[103.9519677,1.3563001],[103.951697,1.3563363],[103.9496729,1.3566686],[103.9489287,1.35669],[103.9476348,1.3566375],[103.9463577,1.3566955],[103.9454424,1.3566938],[103.9451506,1.3566491],[103.9448047,1.3565238],[103.9445553,1.3564165],[103.944088,1.3561867],[103.943455,1.3556237],[103.9430731,1.355226],[103.9424575,1.3545849],[103.9420757,1.3542289],[103.9410447,1.3535326],[103.9403184,1.3530049],[103.9399287,1.3525479],[103.9389245,1.3514686],[103.9386324,1.3510213],[103.9383644,1.3503577],[103.938256,1.3498483],[103.9382333,1.3492705],[103.9384535,1.3470032],[103.9384505,1.3464989],[103.9384337,1.3454108],[103.938425,1.3448449],[103.938458,1.3441728],[103.938589,1.3436629],[103.9397621,1.3408855],[103.9399681,1.3400893],[103.9399744,1.3395844],[103.9398333,1.3388792],[103.9396365,1.3384379],[103.9393842,1.3380407],[103.9390176,1.3376495],[103.9386281,1.3373755],[103.9380978,1.3371035],[103.9377097,1.3370253],[103.933531,1.3366056],[103.932139,1.3366489],[103.9312206,1.3366775],[103.9305985,1.3366745],[103.9298379,1.336571],[103.9280905,1.3362615],[103.9267145,1.3358168],[103.9222784,1.3338991],[103.9217484,1.3337153],[103.9212143,1.3336202],[103.920642,1.333624],[103.9204002,1.3336711],[103.9200291,1.3337448],[103.919746,1.333828],[103.9179455,1.3345829],[103.916809,1.3350595],[103.9147957,1.335909],[103.9143672,1.3360795],[103.9138443,1.3362672],[103.9134765,1.3363672],[103.9130222,1.3363984],[103.9125288,1.3363303],[103.9122019,1.3362626],[103.9115936,1.3359704],[103.910923,1.3355843],[103.9102871,1.3352852],[103.9096678,1.3350942],[103.9086787,1.3349172],[103.9065586,1.3345378],[103.9060307,1.3343937],[103.9055365,1.3342166],[103.9049497,1.3338762],[103.9046121,1.3336569],[103.9039586,1.3331312],[103.902656,1.3319529],[103.9016841,1.3310993],[103.9011303,1.3307939],[103.8993853,1.3299415],[103.8986499,1.3295822],[103.8973578,1.329026],[103.8930349,1.327471],[103.891764,1.3270679],[103.8905007,1.3265825],[103.8897164,1.3262658],[103.8886017,1.3258156],[103.8882355,1.3256869],[103.8870922,1.3254361],[103.886583,1.3253943],[103.8860002,1.3254609],[103.8855959,1.3255886],[103.8839339,1.3264426],[103.8832772,1.3267712],[103.8825908,1.3271147],[103.8822341,1.3272904],[103.8818586,1.3274299],[103.8813556,1.3275],[103.8809301,1.3274873],[103.8806757,1.3274433],[103.8803118,1.32733],[103.8800233,1.3272142],[103.8798174,1.3271134],[103.8796364,1.3269839],[103.879289,1.3266817],[103.8790262,1.3263734],[103.8779801,1.324751],[103.8774406,1.3241579],[103.8770682,1.3239332],[103.8765532,1.3237348],[103.8750031,1.3230874],[103.872532,1.3218146],[103.8720696,1.3215243],[103.8682571,1.3192362],[103.8678682,1.3190421],[103.8674766,1.3188062],[103.8672422,1.3186344],[103.8668204,1.3182968],[103.8653308,1.3164974],[103.8650545,1.3160067],[103.8644837,1.3149902],[103.8642421,1.3145993],[103.8639417,1.3142748],[103.8635446,1.3139648],[103.8626634,1.3135591],[103.8622892,1.3133869],[103.8607575,1.3126789],[103.8605458,1.3125797],[103.8601503,1.3123081],[103.8595788,1.311757],[103.8576034,1.3087371],[103.8565412,1.307096],[103.8554587,1.305409],[103.8549089,1.3045445],[103.8544223,1.3038326],[103.8541789,1.3034693],[103.8529025,1.3018772],[103.8509062,1.2994887],[103.8504308,1.2989214],[103.8497796,1.2981443],[103.849023,1.2972254],[103.8487413,1.296909],[103.848207,1.2964039],[103.8475504,1.2958283],[103.8461829,1.2948748],[103.8458016,1.2945358],[103.8454851,1.2942087],[103.844896,1.2933622],[103.8444029,1.2924906],[103.8438614,1.2915337],[103.8434815,1.2908621],[103.8433635,1.2905672],[103.8432713,1.2902481],[103.8431704,1.2895321],[103.8431355,1.2892827],[103.8431011,1.2891393],[103.8430095,1.2887786],[103.8427489,1.2881048],[103.8425747,1.2875145],[103.8425169,1.2870773],[103.8425381,1.2866612],[103.8426232,1.286392],[103.8427306,1.2861764],[103.8429399,1.2859348],[103.8432264,1.2856443],[103.8439834,1.2850368],[103.8446489,1.2845749],[103.8451547,1.2842932],[103.8462694,1.2836723],[103.8483777,1.2823961],[103.8489264,1.282064],[103.8494995,1.281732],[103.8502797,1.28128],[103.8513984,1.2805934],[103.8516945,1.2803103],[103.8520405,1.2800234],[103.8524393,1.2797832],[103.8528783,1.2795034],[103.8533109,1.2792277],[103.854527,1.2784369],[103.8546878,1.2783748],[103.8548962,1.2783009],[103.8550143,1.2782948],[103.8552032,1.2782935],[103.8553529,1.2782834],[103.8556944,1.2783727],[103.8559778,1.2784504],[103.8563228,1.2786433],[103.8566048,1.2788108],[103.8571713,1.2793421],[103.8577311,1.2800311],[103.8583613,1.2809852],[103.8592244,1.282067],[103.8594247,1.282372],[103.8596488,1.2827134],[103.8598749,1.2831332],[103.8600946,1.2835421],[103.8605007,1.2843386],[103.8608254,1.2851334],[103.8609953,1.2858462],[103.8610595,1.2862338],[103.8610982,1.2895395],[103.8608895,1.2904972],[103.860835,1.2914305],[103.8608611,1.2925641],[103.8608962,1.2940926],[103.8607383,1.2948344],[103.8603898,1.2956186],[103.8600226,1.2961001],[103.859885,1.2963261],[103.8589274,1.2969654],[103.8585233,1.2973127],[103.8581038,1.2978304],[103.8575291,1.2986409],[103.8567466,1.2996491],[103.8555545,1.3008526],[103.8546457,1.3017991],[103.8541502,1.3024112],[103.853814,1.3029725],[103.8533489,1.3035032],[103.8527835,1.3037708],[103.8525465,1.3038751],[103.8519641,1.3041312],[103.8513597,1.3045089],[103.850707,1.3049932],[103.8494915,1.3061146],[103.8491021,1.3064546],[103.8477906,1.3075997],[103.8474092,1.307903],[103.8466195,1.3087512],[103.8456759,1.309759],[103.8448196,1.3102613],[103.8442756,1.3105079],[103.8420437,1.311433],[103.8404522,1.3119249],[103.8392373,1.3124648],[103.8385562,1.3130225],[103.8383038,1.3132518],[103.8379629,1.3136097],[103.8373183,1.3142867],[103.8364658,1.3156347],[103.8357653,1.3164717],[103.8351932,1.3170931],[103.8344523,1.3174848],[103.8292876,1.3193097],[103.8282157,1.3196251],[103.826817,1.3198244],[103.8258623,1.3201051],[103.8253411,1.3202583],[103.8248015,1.3205067],[103.8237045,1.3210555],[103.8207532,1.3219274],[103.819306,1.3222127],[103.8180552,1.3223702],[103.8167787,1.3223735],[103.8161724,1.3224273],[103.8158012,1.3224602],[103.8151898,1.3225494],[103.8132651,1.3228754],[103.8116554,1.3232144],[103.8108921,1.3235475],[103.8093422,1.3246311],[103.8082084,1.3251918],[103.8069356,1.3259997],[103.8062508,1.3264344],[103.8052517,1.3270505],[103.8046183,1.3275905],[103.8041842,1.3282399],[103.803505,1.3288613],[103.8018917,1.329516],[103.800667,1.3299741],[103.7989271,1.3302521],[103.7986313,1.3303132],[103.7981398,1.3304602],[103.7972324,1.3307656],[103.7965761,1.3309864],[103.7930701,1.3322566],[103.7848022,1.3351478],[103.7837746,1.3355483],[103.7828179,1.3359213],[103.7792557,1.337414],[103.7786238,1.3376685],[103.7777829,1.3381723],[103.7769724,1.3389545],[103.7761599,1.3399587],[103.7758877,1.3407797],[103.7758058,1.3411398],[103.7755516,1.3422582],[103.7753747,1.343063],[103.7748069,1.3442588],[103.7745452,1.3445726],[103.7741136,1.3450004],[103.7736021,1.3453051],[103.7724619,1.3460182],[103.7718077,1.3466165],[103.7703618,1.3486562],[103.7701868,1.3490623],[103.7698469,1.3521371],[103.769375,1.3537337],[103.7691426,1.3544301],[103.7688494,1.355309],[103.7687062,1.3555724],[103.768159,1.3563092],[103.7677781,1.3568064],[103.7674956,1.3573217],[103.7673896,1.3581028],[103.7670194,1.3614359],[103.7671423,1.3618608],[103.7672764,1.3623244],[103.7676083,1.3635309],[103.7676359,1.3642073],[103.7674653,1.3647391],[103.7664303,1.3665024],[103.7653815,1.3681344],[103.7646268,1.3692701],[103.7637798,1.3705447],[103.763144,1.3713583],[103.7630085,1.37172],[103.7629314,1.3721395],[103.7628191,1.3733262],[103.7624699,1.377052],[103.7622318,1.3779006],[103.7621578,1.3780619],[103.7619695,1.3784655],[103.7618685,1.3786829],[103.7602865,1.3816862],[103.7592597,1.3834653],[103.7587063,1.3840592],[103.7579077,1.3848606],[103.7564924,1.3866822],[103.7561629,1.3875817],[103.7554338,1.3901531]]}},{"type":"Feature","properties":{"id":"osm-rel-7981648","ref":"NEL","name":"MRT North East Line (Punggol Coast → Harbourfront)","route":"subway","colour":"#9016b2","source":"osm-overpass"},"geometry":{"type":"LineString","coordinates":[[103.9139281,1.4154278],[103.9134887,1.4154805],[103.9129789,1.4154631],[103.9122118,1.4153529],[103.9111149,1.4150531],[103.9101791,1.4148044],[103.9095089,1.4146169],[103.9090601,1.41449],[103.907079,1.4139461],[103.906598,1.41378],[103.9061014,1.4135329],[103.9056855,1.4132492],[103.9052941,1.4128754],[103.9049756,1.4124658],[103.9048563,1.4122769],[103.9046829,1.4119499],[103.9044542,1.4113586],[103.9043357,1.4105549],[103.9041317,1.4089745],[103.9040915,1.4087271],[103.9040313,1.4084243],[103.9039174,1.4080567],[103.9038054,1.4077792],[103.9036422,1.4074193],[103.9030499,1.4062232],[103.9024762,1.4051846],[103.9016927,1.4037666],[103.901129,1.4027313],[103.9008046,1.4021372],[103.9003583,1.4013359],[103.899476,1.3997309],[103.8989385,1.3987477],[103.8981381,1.3973015],[103.8972139,1.3955757],[103.8970634,1.3952852],[103.8960226,1.3931042],[103.8958736,1.392674],[103.8954461,1.3914228],[103.8952421,1.3908257],[103.8951035,1.3904145],[103.8945662,1.3888406],[103.8941024,1.3873485],[103.89395,1.3867969],[103.8935922,1.3855756],[103.8934105,1.384949],[103.8933238,1.3846252],[103.8932245,1.3842],[103.8931365,1.3830605],[103.8929062,1.3814716],[103.8928045,1.3807991],[103.8927073,1.3801178],[103.8926445,1.3796847],[103.892515,1.3767624],[103.8924397,1.3722797],[103.8924379,1.3716619],[103.8924598,1.3699794],[103.8923928,1.3692015],[103.8922685,1.3684875],[103.8921534,1.3680679],[103.8919556,1.3674798],[103.891731,1.3669697],[103.8915469,1.3666168],[103.8913366,1.3662583],[103.8910358,1.3658034],[103.8905694,1.3652326],[103.8895616,1.3642511],[103.8885185,1.3632415],[103.8861956,1.361026],[103.8849573,1.3598863],[103.8844045,1.3593774],[103.8830372,1.358123],[103.8824364,1.3575817],[103.881699,1.3569034],[103.8811286,1.3563794],[103.8804669,1.3557756],[103.8803537,1.3556759],[103.8792521,1.3547421],[103.8781448,1.3538317],[103.8774659,1.3532132],[103.8760098,1.3519063],[103.8746124,1.3506187],[103.8742748,1.350283],[103.8739807,1.3499579],[103.8737781,1.3497177],[103.8729714,1.3487613],[103.8726967,1.3483805],[103.8724552,1.348027],[103.8723308,1.3478102],[103.8718259,1.3467596],[103.8716162,1.3463091],[103.8711972,1.3454106],[103.8710138,1.3449937],[103.8708492,1.3443977],[103.8707659,1.3439396],[103.870731,1.3434431],[103.8707866,1.3423643],[103.8708273,1.341532],[103.8708259,1.3405315],[103.8708326,1.3401437],[103.8708344,1.3392889],[103.870798,1.338229],[103.8707612,1.3375594],[103.8706686,1.3368976],[103.8703791,1.3357233],[103.8702604,1.3353379],[103.8699171,1.3339785],[103.8697561,1.3333696],[103.8694814,1.3322699],[103.8692459,1.3312993],[103.8689639,1.3301941],[103.8687035,1.3291317],[103.8683602,1.327951],[103.8682197,1.3275088],[103.8680786,1.3272311],[103.8678337,1.3268309],[103.8670845,1.3258702],[103.8667434,1.3254663],[103.8663744,1.3250893],[103.8657762,1.3245131],[103.8654062,1.3241027],[103.8645469,1.3230473],[103.8642659,1.322685],[103.8639947,1.3222881],[103.8635813,1.321674],[103.8625508,1.3203661],[103.8618134,1.3194807],[103.8608524,1.3183266],[103.8606993,1.31817],[103.8597771,1.3172483],[103.8591314,1.3166174],[103.8587797,1.3163343],[103.8579267,1.3157982],[103.8574531,1.3154302],[103.8569222,1.3149374],[103.8563325,1.3143788],[103.855695,1.3137868],[103.855135,1.3132502],[103.8542697,1.3123955],[103.8534628,1.3116367],[103.8530956,1.3112981],[103.8526629,1.3107934],[103.8520197,1.309969],[103.8511526,1.3088389],[103.8506015,1.3081133],[103.849464,1.3066004],[103.8488245,1.30579],[103.8485003,1.3053655],[103.8482356,1.3049976],[103.847917,1.3044714],[103.8472778,1.3033401],[103.8464918,1.3018873],[103.8459103,1.300836],[103.8454678,1.2999935],[103.8449649,1.2990794],[103.8447969,1.2987193],[103.8446987,1.2983596],[103.8446276,1.2980583],[103.8445857,1.2977028],[103.8445797,1.2973472],[103.8446257,1.2968495],[103.8447291,1.2963673],[103.8449135,1.29593],[103.8467938,1.2924914],[103.8470444,1.2919353],[103.847176,1.2913007],[103.8471687,1.2904955],[103.8470193,1.2894914],[103.8468387,1.2887121],[103.8465488,1.2878269],[103.8459156,1.2869189],[103.8454226,1.2863718],[103.8450286,1.2860045],[103.844485,1.2854394],[103.8436304,1.2844363],[103.8425599,1.2832038],[103.8420712,1.2826306],[103.8416968,1.2821322],[103.8412378,1.2814349],[103.8408046,1.2809074],[103.8404511,1.2805016],[103.8397779,1.2798462],[103.8391768,1.2792649],[103.8387716,1.2789269],[103.83831,1.278504],[103.8377795,1.2780154],[103.8375023,1.2777864],[103.8370853,1.2775003],[103.8363724,1.2770967],[103.8359757,1.2768202],[103.8355162,1.2764255],[103.8351308,1.276076],[103.8333067,1.274104],[103.8319971,1.2724215],[103.830723,1.2711244],[103.8291872,1.2695801],[103.8284975,1.26883],[103.8274741,1.267742],[103.826422,1.2667085],[103.8257654,1.2661816],[103.8251967,1.2658987],[103.824638,1.2657049],[103.8241814,1.2656154],[103.823817,1.2655748],[103.8226808,1.265478],[103.8215103,1.2653714],[103.8203864,1.265309]]}},{"type":"Feature","properties":{"id":"osm-rel-7981667","ref":"CCL","name":"MRT Circle Line (HarbourFront → Dhoby Ghaut)","route":"subway","colour":"#fa9e0d","source":"osm-overpass"},"geometry":{"type":"LineString","coordinates":[[103.8234724,1.2653041],[103.8227153,1.2652617],[103.8215557,1.2651882],[103.8204459,1.2651288],[103.8203494,1.2651273],[103.8202286,1.265142],[103.8201091,1.2651748],[103.8197283,1.2653308],[103.8195965,1.2653848],[103.8192612,1.2655242],[103.8187757,1.2658112],[103.8184056,1.2660659],[103.8176036,1.2668213],[103.8166963,1.2673721],[103.8150204,1.2682002],[103.8118454,1.2701183],[103.8114084,1.2702733],[103.8110396,1.2703596],[103.8098475,1.2704685],[103.8079353,1.2706432],[103.8073725,1.2707843],[103.8069548,1.2709165],[103.8063869,1.2711799],[103.8052193,1.2718847],[103.8048729,1.2720402],[103.804521,1.272145],[103.8038019,1.2722417],[103.8031568,1.2722834],[103.802786,1.2723178],[103.8020715,1.2723841],[103.8015679,1.2724308],[103.799409,1.2734175],[103.7940077,1.2753402],[103.7937442,1.275434],[103.7930607,1.2756699],[103.7923815,1.2758284],[103.7913289,1.2761815],[103.7903974,1.276494],[103.7852356,1.2782279],[103.7847881,1.278427],[103.7841609,1.2788517],[103.783739,1.2793032],[103.7834445,1.2797674],[103.7823323,1.2815432],[103.7816833,1.2825883],[103.7813474,1.2831293],[103.781126,1.2835215],[103.7810271,1.2838138],[103.780964,1.2841629],[103.7809097,1.2848181],[103.7808524,1.2863919],[103.7808857,1.2870484],[103.781037,1.2876547],[103.78125,1.2882134],[103.7815631,1.2889087],[103.7820019,1.2895556],[103.7834948,1.2908301],[103.7839096,1.2914054],[103.7841644,1.2919497],[103.784274,1.292606],[103.7843069,1.2932429],[103.7843245,1.2935851],[103.7843801,1.2946637],[103.7844928,1.2952142],[103.7846229,1.2955459],[103.7855226,1.2973407],[103.7856874,1.2976],[103.7859083,1.2979077],[103.7864996,1.2986135],[103.7868451,1.2990255],[103.7872494,1.2996315],[103.7883355,1.3012596],[103.7886318,1.3019071],[103.7889945,1.3026818],[103.7897613,1.3050267],[103.7899815,1.3055422],[103.7904234,1.3063441],[103.7907949,1.3070097],[103.7909419,1.3072833],[103.7913981,1.307991],[103.7916558,1.3083436],[103.7921146,1.3088945],[103.7938007,1.3106761],[103.7940643,1.3109102],[103.7945331,1.3112265],[103.7957745,1.3119598],[103.7963375,1.3122965],[103.7972319,1.3128313],[103.7975669,1.313111],[103.7982869,1.313864],[103.7986801,1.314165],[103.7989712,1.3143279],[103.7993615,1.3145049],[103.800216,1.3147137],[103.8013736,1.3149782],[103.8019136,1.3150944],[103.8027763,1.3151698],[103.8038104,1.3151455],[103.8042363,1.3151586],[103.8048212,1.315268],[103.8055488,1.3156418],[103.8065686,1.3166975],[103.8074292,1.3174998],[103.8085292,1.3185253],[103.8090078,1.3189522],[103.8093816,1.3191958],[103.8097389,1.3193416],[103.8100101,1.3194401],[103.8103743,1.3194919],[103.8108827,1.3195168],[103.8118144,1.3195528],[103.812343,1.3196145],[103.8128449,1.3197791],[103.8131398,1.3199292],[103.8133993,1.3200961],[103.8135858,1.3202708],[103.8151372,1.3222717],[103.8154664,1.3226583],[103.8163155,1.3234859],[103.8167253,1.3239385],[103.8169749,1.3243487],[103.8171849,1.3253733],[103.8174922,1.3278677],[103.8176573,1.3292674],[103.8177298,1.3297909],[103.8178355,1.3302641],[103.8180419,1.3307799],[103.8182168,1.3310743],[103.8184824,1.3314046],[103.8188012,1.3316997],[103.8190207,1.3318558],[103.8193726,1.3320693],[103.8199362,1.332315],[103.8236915,1.3335903],[103.8242758,1.3337262],[103.824897,1.3337964],[103.8306764,1.3337909],[103.8323186,1.3337972],[103.8332438,1.3337972],[103.8339381,1.3337263],[103.8345836,1.3336108],[103.8351032,1.3335423],[103.8355161,1.333514],[103.8359777,1.3335452],[103.8374834,1.3338229],[103.8379046,1.3339594],[103.8382874,1.3341491],[103.838644,1.3344011],[103.8389571,1.3347264],[103.8392441,1.3351136],[103.8394447,1.335567],[103.8395325,1.3359235],[103.8396052,1.3364321],[103.8395854,1.336956],[103.8395262,1.3375794],[103.8394558,1.3383556],[103.8391995,1.3408616],[103.8390992,1.3423253],[103.8388857,1.3431817],[103.8388037,1.3441324],[103.8388153,1.3445956],[103.8388482,1.3451532],[103.8390243,1.3466819],[103.839275,1.3481444],[103.8393592,1.3486712],[103.8394484,1.3493606],[103.8395303,1.3500383],[103.8396549,1.3509313],[103.8397829,1.3517157],[103.8399014,1.3520531],[103.8401366,1.3525032],[103.8404379,1.3528561],[103.8407594,1.353127],[103.8411164,1.3533702],[103.841602,1.3535627],[103.8419673,1.3536599],[103.8424057,1.3536802],[103.8428778,1.3536164],[103.843412,1.3534628],[103.8439777,1.3531574],[103.8444441,1.3527792],[103.8447721,1.3524955],[103.845199,1.3522817],[103.8456055,1.3521212],[103.8459659,1.3520504],[103.8463788,1.3520375],[103.8468924,1.3519834],[103.8483029,1.3516368],[103.8504634,1.3511559],[103.8509334,1.3511051],[103.8516625,1.3510098],[103.8532764,1.3504962],[103.854193,1.3501729],[103.8558324,1.3497726],[103.8571924,1.3494665],[103.8579699,1.3494249],[103.8586261,1.3495155],[103.8592513,1.349689],[103.8613015,1.3506028],[103.862491,1.3512901],[103.8628974,1.35143],[103.8633774,1.3514787],[103.8635507,1.3514921],[103.8646593,1.3515635],[103.8659065,1.3518917],[103.8667476,1.352062],[103.8677776,1.3520878],[103.8684643,1.352062],[103.8688618,1.3519334],[103.8694234,1.3517381],[103.8711715,1.3511056],[103.8722569,1.3507523],[103.8729393,1.3504189],[103.8736946,1.3498355],[103.8740003,1.3495994],[103.8746776,1.3489757],[103.874776,1.3486461],[103.8748691,1.3480763],[103.8749398,1.3471695],[103.875035,1.3465818],[103.8752145,1.3461211],[103.8753447,1.3458145],[103.8757953,1.3451817],[103.8764605,1.3445381],[103.8777569,1.3438686],[103.8790386,1.3432067],[103.8796879,1.3428845],[103.879829,1.3428144],[103.8820595,1.3417073],[103.8830722,1.3413026],[103.8834546,1.3411499],[103.8849,1.3406058],[103.8859393,1.3398582],[103.8868865,1.3384758],[103.8877702,1.3365791],[103.8882938,1.3354751],[103.8886338,1.3347584],[103.8888109,1.3342274],[103.8890065,1.3333274],[103.8891782,1.3320403],[103.889676,1.3296548],[103.890258,1.3266218],[103.8903674,1.3261283],[103.8906084,1.3248437],[103.8912295,1.3214344],[103.8918582,1.3188398],[103.8920584,1.3180138],[103.8923329,1.3167498],[103.892383,1.3164057],[103.8923906,1.3160594],[103.8921942,1.3150425],[103.892057,1.3142381],[103.8920321,1.3140258],[103.89201,1.3133992],[103.8921027,1.3112203],[103.8920929,1.3107881],[103.8920696,1.3105461],[103.8920216,1.3103041],[103.8919523,1.3100387],[103.8919086,1.3099175],[103.8918561,1.3098035],[103.8917933,1.3096934],[103.8917278,1.3095956],[103.8916551,1.3095028],[103.8915731,1.3094162],[103.8914871,1.3093336],[103.8913887,1.309251],[103.8911879,1.3091134],[103.890994,1.3090091],[103.8907785,1.3089175],[103.8905691,1.3088462],[103.8903504,1.3087819],[103.8898865,1.3086537],[103.8892528,1.308505],[103.8892334,1.308501],[103.8881943,1.3082884],[103.8877959,1.3082106],[103.886774,1.3080068],[103.8860874,1.3078989],[103.885382,1.307637],[103.8846524,1.3072359],[103.8836338,1.3067676],[103.8825098,1.3062268],[103.8823316,1.3061411],[103.8778094,1.3040968],[103.8763199,1.3033338],[103.8754768,1.3028989],[103.874348,1.3023989],[103.8731919,1.3019466],[103.872241,1.3017216],[103.8707673,1.3016437],[103.8703102,1.3015737],[103.8677529,1.3007885],[103.8651478,1.3003328],[103.8644319,1.3001059],[103.8636976,1.2997426],[103.8635752,1.2996821],[103.8624784,1.2992057],[103.8616762,1.2986524],[103.8612148,1.2980517],[103.8609319,1.2973513],[103.8608665,1.2966345],[103.8609459,1.2958842],[103.8610908,1.2949501],[103.8611517,1.2945571],[103.861195,1.2938625],[103.8611705,1.2927124],[103.8611759,1.2923092],[103.8611266,1.292092],[103.8610126,1.2918648],[103.8606898,1.2915721],[103.8603253,1.2913789],[103.8597952,1.2913041],[103.8593134,1.2913481],[103.8590047,1.29141],[103.8581016,1.2917289],[103.855477,1.2933383],[103.8523442,1.2955116],[103.8516335,1.2960338],[103.8506184,1.2968889],[103.8499933,1.2974155],[103.8495993,1.2976686],[103.8480458,1.2982103],[103.8475932,1.2983681],[103.8461513,1.2988709],[103.8449234,1.2992991]]}},{"type":"Feature","properties":{"id":"osm-rel-7981668","ref":"CCL","name":"MRT Circle Line (HarbourFront → Marina Bay)","route":"subway","colour":"#fa9e0d","source":"osm-overpass"},"geometry":{"type":"LineString","coordinates":[[103.8234724,1.2653041],[103.8227153,1.2652617],[103.8215557,1.2651882],[103.8204459,1.2651288],[103.8203494,1.2651273],[103.8202286,1.265142],[103.8201091,1.2651748],[103.8197283,1.2653308],[103.8195965,1.2653848],[103.8192612,1.2655242],[103.8187757,1.2658112],[103.8184056,1.2660659],[103.8176036,1.2668213],[103.8166963,1.2673721],[103.8150204,1.2682002],[103.8118454,1.2701183],[103.8114084,1.2702733],[103.8110396,1.2703596],[103.8098475,1.2704685],[103.8079353,1.2706432],[103.8073725,1.2707843],[103.8069548,1.2709165],[103.8063869,1.2711799],[103.8052193,1.2718847],[103.8048729,1.2720402],[103.804521,1.272145],[103.8038019,1.2722417],[103.8031568,1.2722834],[103.802786,1.2723178],[103.8020715,1.2723841],[103.8015679,1.2724308],[103.799409,1.2734175],[103.7940077,1.2753402],[103.7937442,1.275434],[103.7930607,1.2756699],[103.7923815,1.2758284],[103.7913289,1.2761815],[103.7903974,1.276494],[103.7852356,1.2782279],[103.7847881,1.278427],[103.7841609,1.2788517],[103.783739,1.2793032],[103.7834445,1.2797674],[103.7823323,1.2815432],[103.7816833,1.2825883],[103.7813474,1.2831293],[103.781126,1.2835215],[103.7810271,1.2838138],[103.780964,1.2841629],[103.7809097,1.2848181],[103.7808524,1.2863919],[103.7808857,1.2870484],[103.781037,1.2876547],[103.78125,1.2882134],[103.7815631,1.2889087],[103.7820019,1.2895556],[103.7834948,1.2908301],[103.7839096,1.2914054],[103.7841644,1.2919497],[103.784274,1.292606],[103.7843069,1.2932429],[103.7843245,1.2935851],[103.7843801,1.2946637],[103.7844928,1.2952142],[103.7846229,1.2955459],[103.7855226,1.2973407],[103.7856874,1.2976],[103.7859083,1.2979077],[103.7864996,1.2986135],[103.7868451,1.2990255],[103.7872494,1.2996315],[103.7883355,1.3012596],[103.7886318,1.3019071],[103.7889945,1.3026818],[103.7897613,1.3050267],[103.7899815,1.3055422],[103.7904234,1.3063441],[103.7907949,1.3070097],[103.7909419,1.3072833],[103.7913981,1.307991],[103.7916558,1.3083436],[103.7921146,1.3088945],[103.7938007,1.3106761],[103.7940643,1.3109102],[103.7945331,1.3112265],[103.7957745,1.3119598],[103.7963375,1.3122965],[103.7972319,1.3128313],[103.7975669,1.313111],[103.7982869,1.313864],[103.7986801,1.314165],[103.7989712,1.3143279],[103.7993615,1.3145049],[103.800216,1.3147137],[103.8013736,1.3149782],[103.8019136,1.3150944],[103.8027763,1.3151698],[103.8038104,1.3151455],[103.8042363,1.3151586],[103.8048212,1.315268],[103.8055488,1.3156418],[103.8065686,1.3166975],[103.8074292,1.3174998],[103.8085292,1.3185253],[103.8090078,1.3189522],[103.8093816,1.3191958],[103.8097389,1.3193416],[103.8100101,1.3194401],[103.8103743,1.3194919],[103.8108827,1.3195168],[103.8118144,1.3195528],[103.812343,1.3196145],[103.8128449,1.3197791],[103.8131398,1.3199292],[103.8133993,1.3200961],[103.8135858,1.3202708],[103.8151372,1.3222717],[103.8154664,1.3226583],[103.8163155,1.3234859],[103.8167253,1.3239385],[103.8169749,1.3243487],[103.8171849,1.3253733],[103.8174922,1.3278677],[103.8176573,1.3292674],[103.8177298,1.3297909],[103.8178355,1.3302641],[103.8180419,1.3307799],[103.8182168,1.3310743],[103.8184824,1.3314046],[103.8188012,1.3316997],[103.8190207,1.3318558],[103.8193726,1.3320693],[103.8199362,1.332315],[103.8236915,1.3335903],[103.8242758,1.3337262],[103.824897,1.3337964],[103.8306764,1.3337909],[103.8323186,1.3337972],[103.8332438,1.3337972],[103.8339381,1.3337263],[103.8345836,1.3336108],[103.8351032,1.3335423],[103.8355161,1.333514],[103.8359777,1.3335452],[103.8374834,1.3338229],[103.8379046,1.3339594],[103.8382874,1.3341491],[103.838644,1.3344011],[103.8389571,1.3347264],[103.8392441,1.3351136],[103.8394447,1.335567],[103.8395325,1.3359235],[103.8396052,1.3364321],[103.8395854,1.336956],[103.8395262,1.3375794],[103.8394558,1.3383556],[103.8391995,1.3408616],[103.8390992,1.3423253],[103.8388857,1.3431817],[103.8388037,1.3441324],[103.8388153,1.3445956],[103.8388482,1.3451532],[103.8390243,1.3466819],[103.839275,1.3481444],[103.8393592,1.3486712],[103.8394484,1.3493606],[103.8395303,1.3500383],[103.8396549,1.3509313],[103.8397829,1.3517157],[103.8399014,1.3520531],[103.8401366,1.3525032],[103.8404379,1.3528561],[103.8407594,1.353127],[103.8411164,1.3533702],[103.841602,1.3535627],[103.8419673,1.3536599],[103.8424057,1.3536802],[103.8428778,1.3536164],[103.843412,1.3534628],[103.8439777,1.3531574],[103.8444441,1.3527792],[103.8447721,1.3524955],[103.845199,1.3522817],[103.8456055,1.3521212],[103.8459659,1.3520504],[103.8463788,1.3520375],[103.8468924,1.3519834],[103.8483029,1.3516368],[103.8504634,1.3511559],[103.8509334,1.3511051],[103.8516625,1.3510098],[103.8532764,1.3504962],[103.854193,1.3501729],[103.8558324,1.3497726],[103.8571924,1.3494665],[103.8579699,1.3494249],[103.8586261,1.3495155],[103.8592513,1.349689],[103.8613015,1.3506028],[103.862491,1.3512901],[103.8628974,1.35143],[103.8633774,1.3514787],[103.8635507,1.3514921],[103.8646593,1.3515635],[103.8659065,1.3518917],[103.8667476,1.352062],[103.8677776,1.3520878],[103.8684643,1.352062],[103.8688618,1.3519334],[103.8694234,1.3517381],[103.8711715,1.3511056],[103.8722569,1.3507523],[103.8729393,1.3504189],[103.8736946,1.3498355],[103.8740003,1.3495994],[103.8746776,1.3489757],[103.874776,1.3486461],[103.8748691,1.3480763],[103.8749398,1.3471695],[103.875035,1.3465818],[103.8752145,1.3461211],[103.8753447,1.3458145],[103.8757953,1.3451817],[103.8764605,1.3445381],[103.8777569,1.3438686],[103.8790386,1.3432067],[103.8796879,1.3428845],[103.879829,1.3428144],[103.8820595,1.3417073],[103.8830722,1.3413026],[103.8834546,1.3411499],[103.8849,1.3406058],[103.8859393,1.3398582],[103.8868865,1.3384758],[103.8877702,1.3365791],[103.8882938,1.3354751],[103.8886338,1.3347584],[103.8888109,1.3342274],[103.8890065,1.3333274],[103.8891782,1.3320403],[103.889676,1.3296548],[103.890258,1.3266218],[103.8903674,1.3261283],[103.8906084,1.3248437],[103.8912295,1.3214344],[103.8918582,1.3188398],[103.8920584,1.3180138],[103.8923329,1.3167498],[103.892383,1.3164057],[103.8923906,1.3160594],[103.8921942,1.3150425],[103.892057,1.3142381],[103.8920321,1.3140258],[103.89201,1.3133992],[103.8921027,1.3112203],[103.8920929,1.3107881],[103.8920696,1.3105461],[103.8920216,1.3103041],[103.8919523,1.3100387],[103.8919086,1.3099175],[103.8918561,1.3098035],[103.8917933,1.3096934],[103.8917278,1.3095956],[103.8916551,1.3095028],[103.8915731,1.3094162],[103.8914871,1.3093336],[103.8913887,1.309251],[103.8911879,1.3091134],[103.890994,1.3090091],[103.8907785,1.3089175],[103.8905691,1.3088462],[103.8903504,1.3087819],[103.8898865,1.3086537],[103.8892528,1.308505],[103.8892334,1.308501],[103.8881943,1.3082884],[103.8877959,1.3082106],[103.886774,1.3080068],[103.8860874,1.3078989],[103.885382,1.307637],[103.8846524,1.3072359],[103.8836338,1.3067676],[103.8825098,1.3062268],[103.8823316,1.3061411],[103.8778094,1.3040968],[103.8763199,1.3033338],[103.8754768,1.3028989],[103.874348,1.3023989],[103.8731919,1.3019466],[103.872241,1.3017216],[103.8707673,1.3016437],[103.8703102,1.3015737],[103.8677529,1.3007885],[103.8651478,1.3003328],[103.8644319,1.3001059],[103.8636976,1.2997426],[103.8635752,1.2996821],[103.8624784,1.2992057],[103.8616762,1.2986524],[103.8612148,1.2980517],[103.8609319,1.2973513],[103.8608665,1.2966345],[103.8609459,1.2958842],[103.8610908,1.2949501],[103.8611517,1.2945571],[103.861195,1.2938625],[103.8611705,1.2927124],[103.8611759,1.2923092],[103.8611468,1.2916444],[103.8611626,1.2904467],[103.8612622,1.2894373],[103.8613221,1.288847],[103.8612644,1.28614],[103.8612011,1.285809],[103.8610177,1.2850568],[103.8607189,1.2841845],[103.8602882,1.28348],[103.8602534,1.2834189],[103.8598036,1.2826281],[103.8597159,1.2824757],[103.8594155,1.2819487],[103.859166,1.2814775],[103.8590264,1.2812467],[103.8587218,1.2808307],[103.8582791,1.2802177],[103.8580351,1.2799672],[103.8573914,1.2792485],[103.857032,1.278664],[103.8560342,1.277114],[103.85593,1.2769563],[103.855733,1.2766582],[103.8549566,1.275483],[103.8547506,1.2751712]]}},{"type":"Feature","properties":{"id":"osm-rel-7981669","ref":"CCL","name":"MRT Circle Line (Dhoby Ghaut → HarbourFront)","route":"subway","colour":"#fa9e0d","source":"osm-overpass"},"geometry":{"type":"LineString","coordinates":[[103.8449413,1.2993508],[103.8461812,1.2989179],[103.847143,1.298582],[103.8476138,1.2984194],[103.8480617,1.298264],[103.8491826,1.2978775],[103.8496884,1.2976655],[103.8500048,1.2974654],[103.8506449,1.2969288],[103.8517884,1.2959704],[103.8547289,1.2938898],[103.8555099,1.2933814],[103.8558967,1.2931319],[103.8562192,1.2929226],[103.8581306,1.2917897],[103.8590873,1.2914474],[103.8597689,1.2913533],[103.8602874,1.2914251],[103.8605456,1.2915704],[103.8609059,1.2918906],[103.8610474,1.292097],[103.861115,1.2923352],[103.8611365,1.2927164],[103.8611566,1.2938661],[103.861142,1.2941979],[103.8611128,1.2945714],[103.8609508,1.2956245],[103.8607785,1.2968104],[103.8607915,1.2973818],[103.8610266,1.298088],[103.8614773,1.2987327],[103.8620002,1.2991041],[103.8636609,1.2998015],[103.8651025,1.3004662],[103.8676693,1.300922],[103.8700517,1.3016707],[103.8705638,1.3017584],[103.8722346,1.3018489],[103.8733421,1.3020982],[103.8743433,1.3024403],[103.8754386,1.3029588],[103.8762941,1.3033806],[103.8778604,1.3041613],[103.8813082,1.3057761],[103.882457,1.3062958],[103.8836918,1.3068545],[103.8852794,1.3076697],[103.8860833,1.307966],[103.8879308,1.3082895],[103.889207,1.3085753],[103.8896819,1.3086817],[103.8904134,1.3088656],[103.8909413,1.3090608],[103.891341,1.3093388],[103.8916507,1.3096837],[103.8917952,1.3098926],[103.8919495,1.3103103],[103.892031,1.3108208],[103.8920423,1.3114001],[103.8919495,1.3140485],[103.892309,1.3160956],[103.8922428,1.3167357],[103.8919674,1.3179957],[103.8918016,1.3187523],[103.8917843,1.3188253],[103.8912961,1.3208924],[103.8909476,1.3226419],[103.8907182,1.3237952],[103.8902919,1.3261084],[103.8902866,1.3261371],[103.8898111,1.3286453],[103.8892732,1.3313293],[103.8890921,1.3321666],[103.8889161,1.3333762],[103.8887302,1.3342412],[103.8884805,1.3349477],[103.8882396,1.3354555],[103.8875823,1.3368406],[103.886807,1.3384499],[103.8859188,1.3397941],[103.8848163,1.3405617],[103.8830158,1.3412328],[103.8819902,1.3416269],[103.8796456,1.342798],[103.8787941,1.3432232],[103.8764218,1.3444904],[103.8756521,1.3452077],[103.875209,1.345795],[103.8750284,1.3463181],[103.8747999,1.3471723],[103.8746474,1.3486881],[103.8745808,1.3488747],[103.8744014,1.3491109],[103.8740284,1.3494965],[103.8736479,1.3497906],[103.8736356,1.3498001],[103.8728976,1.3503813],[103.8722359,1.3507],[103.8706572,1.3512271],[103.8688302,1.3518805],[103.868431,1.3519997],[103.8677574,1.3520213],[103.8667609,1.3520174],[103.865772,1.3518179],[103.8646808,1.3515278],[103.8633841,1.3514248],[103.8630202,1.3513959],[103.8627694,1.3513185],[103.862537,1.3512371],[103.8613082,1.3505523],[103.8593452,1.3496596],[103.8586599,1.3494617],[103.8579584,1.3493705],[103.8571919,1.349413],[103.8541589,1.3501384],[103.8530414,1.350509],[103.8515787,1.3508868],[103.8505364,1.3509813],[103.8493448,1.3512141],[103.8482604,1.3514765],[103.8474239,1.35172],[103.8469919,1.3518351],[103.8466254,1.3518912],[103.8462141,1.3519379],[103.8457403,1.3519914],[103.8453643,1.3520681],[103.8449742,1.3522022],[103.8443273,1.3524805],[103.8433259,1.3529327],[103.8430044,1.3530279],[103.8425276,1.3530612],[103.8420839,1.3530446],[103.8416359,1.3529506],[103.8412496,1.3527843],[103.8408598,1.3525597],[103.8405044,1.3522559],[103.8402155,1.3518954],[103.8399911,1.3514626],[103.8398373,1.3510246],[103.8397433,1.3505236],[103.8396207,1.3496492],[103.8395059,1.3486539],[103.8394361,1.3481257],[103.839109,1.3456526],[103.8391136,1.3450992],[103.8391354,1.3446989],[103.8393716,1.3428876],[103.8395706,1.3389834],[103.8396748,1.3375909],[103.8397421,1.336538],[103.8397415,1.3360689],[103.8396952,1.3357382],[103.8395799,1.3353882],[103.8393508,1.3349665],[103.8390645,1.3345892],[103.838774,1.3342903],[103.8383163,1.3339873],[103.8378534,1.3338063],[103.8365897,1.3334768],[103.8361586,1.3334033],[103.8354783,1.3333522],[103.8349914,1.3334033],[103.8343974,1.3335042],[103.8336842,1.3336368],[103.8329361,1.3336877],[103.8322618,1.3336851],[103.8306713,1.3336902],[103.8249021,1.3336919],[103.8242886,1.3336135],[103.8237557,1.3334959],[103.8198208,1.3321533],[103.8193708,1.3319579],[103.8190797,1.3317688],[103.8188285,1.3315783],[103.8185851,1.3313521],[103.8183212,1.3310301],[103.818129,1.330712],[103.8179548,1.3302911],[103.8178461,1.3298016],[103.8177763,1.3293486],[103.8176106,1.3278872],[103.8173374,1.3257111],[103.8171691,1.3247177],[103.8170355,1.3242252],[103.8166288,1.3236663],[103.8156899,1.3226642],[103.8152598,1.322172],[103.8134964,1.3200067],[103.8133643,1.3198899],[103.8129604,1.3196492],[103.8127627,1.3195648],[103.8123058,1.3194319],[103.8117711,1.3193579],[103.8106778,1.3193994],[103.8102535,1.3193477],[103.809851,1.3192425],[103.8094563,1.3190697],[103.8091035,1.3188399],[103.8079846,1.3178199],[103.807532,1.3173939],[103.806706,1.3166165],[103.8053567,1.3153208],[103.8050731,1.3150561],[103.8048222,1.3149157],[103.8045095,1.3147782],[103.8041047,1.3146862],[103.8022444,1.3146538],[103.8019039,1.3146494],[103.8016835,1.3146374],[103.8014846,1.3146047],[103.8010448,1.3145047],[103.8009601,1.314473],[103.8007457,1.3143547],[103.8003728,1.3141341],[103.7997886,1.3137353],[103.7995276,1.3135628],[103.7989623,1.3132838],[103.7988102,1.3132141],[103.797463,1.3127464],[103.7971197,1.3125688],[103.7964225,1.3121601],[103.7958898,1.311848],[103.7946038,1.3111011],[103.7941052,1.3107772],[103.793569,1.3103111],[103.7916677,1.3081957],[103.7911352,1.3072382],[103.790601,1.3062707],[103.7902769,1.3056837],[103.7899053,1.3049831],[103.7890389,1.3023946],[103.788474,1.3012237],[103.7873137,1.2994799],[103.7871457,1.2992274],[103.7867403,1.2987056],[103.7860233,1.2979388],[103.7858081,1.2976603],[103.7849127,1.2958299],[103.7847344,1.2954887],[103.7846199,1.2951237],[103.7845317,1.2946569],[103.7844751,1.2935696],[103.784424,1.2925875],[103.7842784,1.2918489],[103.784129,1.2914457],[103.7836347,1.2908106],[103.7822414,1.289638],[103.781674,1.2888961],[103.7813685,1.2881997],[103.7812366,1.2878712],[103.7811233,1.2875524],[103.7809967,1.2870192],[103.7809597,1.2863865],[103.7810029,1.2849609],[103.7810952,1.2840554],[103.7812316,1.2835726],[103.7818405,1.282669],[103.7836776,1.2799433],[103.7843697,1.2792533],[103.7851869,1.2785754],[103.7859734,1.2782518],[103.7914017,1.2763998],[103.7932494,1.2757694],[103.7995491,1.2734917],[103.8016311,1.2725902],[103.802796,1.2724828],[103.8029152,1.2724718],[103.8042563,1.2723451],[103.804834,1.272224],[103.8064917,1.2713229],[103.8068834,1.2711115],[103.8074108,1.2709236],[103.8080364,1.2707857],[103.8087296,1.2707234],[103.8098567,1.2706189],[103.8107901,1.2705324],[103.8111186,1.2704889],[103.8114685,1.2704006],[103.8118592,1.270245],[103.8149643,1.2683651],[103.8155051,1.2680895],[103.8162332,1.2677714],[103.8176575,1.2668545],[103.8185855,1.2661172],[103.8194022,1.2656405],[103.8197587,1.2654019],[103.8201389,1.2652618],[103.8202743,1.2652424],[103.8204032,1.2652403],[103.8215527,1.2652933],[103.822694,1.2653593],[103.8234669,1.2653982]]}},{"type":"Feature","properties":{"id":"osm-rel-7981690","ref":"EWL","name":"MRT East-West Line (Tanah Merah → Changi Airport)","route":"subway","colour":"#009645","source":"osm-overpass"},"geometry":{"type":"LineString","coordinates":[[103.9442216,1.3264783],[103.9449939,1.326738],[103.9456482,1.3269152],[103.9458776,1.3270084],[103.9465093,1.327243],[103.947232,1.3275114],[103.9476073,1.3276498],[103.9482633,1.3278805],[103.9496081,1.3283756],[103.9499925,1.3285276],[103.9503206,1.3286823],[103.9506023,1.3288363],[103.9509216,1.329018],[103.9512411,1.3291977],[103.9514476,1.329313],[103.9516402,1.3294205],[103.9519162,1.3295935],[103.9521338,1.3297492],[103.9524725,1.3300171],[103.9527325,1.3301942],[103.9530179,1.3303728],[103.9532418,1.3304914],[103.9535435,1.3306309],[103.9538676,1.3307613],[103.9541591,1.3308462],[103.9545525,1.3309413],[103.9549717,1.3310415],[103.9553716,1.3311391],[103.9559097,1.3312681],[103.9562831,1.3313588],[103.9567563,1.3314682],[103.9571864,1.3315738],[103.957717,1.3317064],[103.9582281,1.3318325],[103.9585469,1.3319236],[103.9588655,1.3320363],[103.9591315,1.3321558],[103.9594087,1.3323],[103.9596725,1.3324614],[103.9599278,1.3326513],[103.9601377,1.3328224],[103.9603795,1.3330495],[103.960639,1.3333342],[103.9608845,1.3336935],[103.9609668,1.33381],[103.9610529,1.3339364],[103.9616612,1.334862],[103.9619381,1.3353018],[103.9620846,1.3355444],[103.9629358,1.3369196],[103.9642647,1.3390038],[103.964504,1.3393755],[103.9645426,1.3394408],[103.9652033,1.3404768],[103.9656653,1.3409948],[103.9661016,1.3413609],[103.966465,1.3415779],[103.9668209,1.3417477],[103.9672761,1.3419021],[103.9696254,1.3424519],[103.9700793,1.3425883],[103.9705781,1.3428073],[103.9709639,1.3430276],[103.9713235,1.3432806],[103.9717105,1.3436318],[103.9720165,1.3439757],[103.9723253,1.3444138],[103.9725969,1.3448805],[103.9740254,1.3483105],[103.9758548,1.3525881],[103.9774322,1.3563525],[103.9777833,1.3569626],[103.9782508,1.3576253],[103.9788,1.3581394],[103.9792401,1.3585039],[103.979981,1.3589484],[103.9808039,1.3592475],[103.9814931,1.35944],[103.9820454,1.3595087],[103.9825754,1.3595265],[103.983214,1.3594753],[103.98398,1.3592628],[103.9850196,1.3588389],[103.9852028,1.3587696],[103.9856236,1.3586102],[103.9885657,1.3573988],[103.9897055,1.3569163]]}},{"type":"Feature","properties":{"id":"osm-rel-7981691","ref":"EWL","name":"MRT East-West Line (Changi Airport → Tanah Merah)","route":"subway","colour":"#009645","source":"osm-overpass"},"geometry":{"type":"LineString","coordinates":[[103.9456482,1.3269152],[103.9458776,1.3270084],[103.9465093,1.327243],[103.947232,1.3275114],[103.9476073,1.3276498],[103.9479086,1.3277223],[103.9482692,1.3278161],[103.9484887,1.3278745],[103.9486316,1.3279211],[103.9488572,1.3279966],[103.9496413,1.3283121],[103.9500019,1.3284747],[103.9503044,1.3286222],[103.9505877,1.3287759],[103.9509657,1.3289926],[103.9512506,1.3291626],[103.9516873,1.3293795],[103.9520326,1.3295427],[103.9523931,1.3297039],[103.9525444,1.3297726],[103.9531404,1.3300505],[103.9536667,1.3302962],[103.9538852,1.3303919],[103.9541979,1.3305339],[103.9545268,1.3306695],[103.9550805,1.3309044],[103.9553647,1.3310208],[103.9556366,1.3311289],[103.9558467,1.3311993],[103.9560636,1.3312619],[103.9564545,1.3313645],[103.9569584,1.331487],[103.9573844,1.3315856],[103.9581487,1.3317725],[103.9584083,1.3318354],[103.9586556,1.3319093],[103.9589011,1.3319921],[103.959094,1.332069],[103.9593186,1.3321716],[103.9595263,1.332281],[103.9597451,1.3324103],[103.9599587,1.3325533],[103.9602327,1.3327665],[103.9604718,1.33297],[103.9606733,1.3331808],[103.9608713,1.333415],[103.9610275,1.3336319],[103.9620195,1.335219],[103.9630558,1.3368374],[103.9644935,1.3390816],[103.9653139,1.3403799],[103.9656785,1.3408249],[103.9660752,1.341163],[103.9664557,1.3414187],[103.9668825,1.3416215],[103.9671916,1.341737],[103.9681028,1.3419533],[103.9699527,1.3423991],[103.9704553,1.3425893],[103.971044,1.3429138],[103.9716047,1.3433431],[103.9718834,1.3436144],[103.9721948,1.343993],[103.9724898,1.3444243],[103.9727721,1.3449971],[103.9775753,1.3563488],[103.9780278,1.3570992],[103.9784118,1.3575538],[103.9789371,1.3581011],[103.979426,1.3584573],[103.9800732,1.3588469],[103.9807389,1.3591011],[103.9814442,1.3592794],[103.9819511,1.3593588],[103.9825621,1.3593794],[103.9831229,1.3593325],[103.983691,1.3591657],[103.9851676,1.358612],[103.985584,1.3584559],[103.9884662,1.3571111],[103.9896153,1.3566538]]}},{"type":"Feature","properties":{"id":"osm-rel-8312413","ref":"JRL","name":"MRT Jurong Regional Line (Peng Kang Hill → Bahar Junction → Choa Chu Kang)","route":"subway","colour":"#8899aa","source":"osm-overpass"},"geometry":{"type":"LineString","coordinates":[[103.678932,1.3420145],[103.6780496,1.344401],[103.6778498,1.345078],[103.6777599,1.3454373],[103.6777318,1.3457108],[103.6777465,1.3459401],[103.6778015,1.3461962],[103.6779302,1.3465046],[103.6781091,1.3467702],[103.6783076,1.3469704],[103.6785397,1.3471422],[103.6796058,1.3477661],[103.6817121,1.3489889],[103.6818656,1.349069],[103.6827313,1.3495721],[103.6829822,1.3496997],[103.6832406,1.3498032],[103.6835122,1.349882],[103.6837847,1.3499303],[103.6841208,1.3499788],[103.6843678,1.3500173],[103.684605,1.3500834],[103.6849543,1.3502505],[103.6852108,1.3504417],[103.6853821,1.3506186],[103.6855666,1.3508765],[103.6856733,1.3510942],[103.6857528,1.3513198],[103.6858138,1.351645],[103.6858518,1.3521732],[103.6858699,1.3522638],[103.6859046,1.3524271],[103.6859259,1.3525252],[103.6859724,1.352657],[103.6860435,1.3528541],[103.686138,1.3530485],[103.6869023,1.3544345],[103.6870255,1.354655],[103.6871541,1.3548372],[103.6872972,1.3549789],[103.6874362,1.3550835],[103.6875857,1.3551605],[103.6878142,1.3552363],[103.6880759,1.3552567],[103.6882617,1.3552387],[103.6884485,1.3551897],[103.6886941,1.3550688],[103.688891,1.3549043],[103.6890856,1.3546807],[103.6892558,1.3544337],[103.6894198,1.3541299],[103.6895549,1.3538102],[103.6900141,1.3524372],[103.6901011,1.3522047],[103.6902105,1.3520137],[103.6903084,1.3518826],[103.6904623,1.3517296],[103.6906443,1.3515892],[103.6913062,1.3511062],[103.6924935,1.35025],[103.6932796,1.3496954],[103.6938333,1.3493078],[103.6941686,1.3491047],[103.6943026,1.349049],[103.694513,1.3489943],[103.6947866,1.3489312],[103.6951244,1.3488525],[103.6954874,1.3487657],[103.6957107,1.348709],[103.6959238,1.3486574],[103.6961262,1.3486192],[103.6962548,1.3486007],[103.6963808,1.3485832],[103.696548,1.3485547],[103.6966843,1.348532],[103.6973697,1.3484541],[103.6988501,1.3482848],[103.7000054,1.3481605],[103.7002223,1.3481296],[103.7004496,1.348072],[103.700599,1.3480137],[103.7007928,1.3479083],[103.700889,1.3478359],[103.7010066,1.347736],[103.7011135,1.3476202],[103.7012321,1.3474733],[103.7014621,1.3471328],[103.7018541,1.3465573],[103.7020001,1.3463924],[103.7021972,1.3462605],[103.7023872,1.3461808],[103.7025783,1.3461581],[103.7027871,1.3461761],[103.7029713,1.3462371],[103.7032273,1.3463637],[103.7045245,1.3470114],[103.705318,1.3473432],[103.7056164,1.3474711],[103.7059433,1.3476488],[103.707016,1.3483699],[103.7076298,1.3488549],[103.7088072,1.3496575],[103.7100361,1.3504164],[103.7124741,1.3520751],[103.7131723,1.3526232],[103.7144626,1.3535179],[103.7149767,1.3538318],[103.7155566,1.3541236],[103.7161598,1.3544324],[103.7167584,1.3547004],[103.7173553,1.3549222],[103.7176541,1.3550115],[103.7179626,1.3550555],[103.7204567,1.3552722],[103.7211463,1.3553051],[103.7218366,1.3553239],[103.7221262,1.3553403],[103.7224297,1.3553799],[103.7227636,1.3554756],[103.7231099,1.3555936],[103.7236531,1.3559085],[103.7241593,1.3563515],[103.7249613,1.3571765],[103.7252566,1.3574696],[103.7254469,1.3576468],[103.7266316,1.3586412],[103.727055,1.3590037],[103.7272277,1.3591614],[103.7273083,1.3592598],[103.7273604,1.3593275],[103.7274188,1.3594286],[103.7275028,1.3595994],[103.7279851,1.3608889],[103.7281392,1.361325],[103.7285183,1.362255],[103.7287107,1.3628014],[103.7288611,1.3632261],[103.7290225,1.3636859],[103.7292416,1.3642991],[103.7294819,1.3649949],[103.7297234,1.3656072],[103.7306794,1.3682401],[103.7322355,1.3724853],[103.7324447,1.3730253],[103.7327415,1.3735415],[103.7330098,1.3738829],[103.7333561,1.3742217],[103.7349293,1.3757363],[103.7352302,1.3759839],[103.7355646,1.3762274],[103.7380733,1.3779341],[103.7385181,1.3782356],[103.7390089,1.3786075],[103.7390591,1.3786455],[103.7393397,1.3788581],[103.7405811,1.379698],[103.7415253,1.3802812],[103.7424566,1.3809066],[103.7426689,1.3810299],[103.7428872,1.3811393],[103.7433066,1.3813297],[103.7434662,1.3814271],[103.7436135,1.3815386],[103.7437343,1.3816589],[103.7438392,1.3817851],[103.7439257,1.3819283],[103.7440001,1.3820761],[103.7440708,1.3822894],[103.7441335,1.3825807],[103.7441592,1.382799],[103.7441687,1.3830158],[103.744151,1.3833699],[103.7440413,1.3843027],[103.7439958,1.3852952],[103.7439582,1.3861159]]}},{"type":"Feature","properties":{"id":"osm-rel-8312414","ref":"JRL","name":"MRT Jurong Regional Line (Boon Lay → Bahar Junction → Peng Kang Hill)","route":"subway","colour":"#8899aa","source":"osm-overpass"},"geometry":{"type":"LineString","coordinates":[[103.7104815,1.3116948],[103.710175,1.3136651],[103.7101152,1.3139394],[103.7097734,1.3166422],[103.7097895,1.3170847],[103.7098437,1.3173446],[103.710305,1.3196203],[103.710346,1.3199351],[103.7103421,1.3202501],[103.7102998,1.3206382],[103.7096863,1.3234596],[103.7093944,1.3245241],[103.7090148,1.3259534],[103.7087823,1.3269714],[103.708313,1.3286302],[103.7081963,1.3292266],[103.7081265,1.3300505],[103.70814,1.3308702],[103.7081936,1.3313663],[103.7083168,1.3320327],[103.7090003,1.3347182],[103.7089867,1.3350378],[103.7089233,1.3352511],[103.7087761,1.3354674],[103.7086013,1.3356218],[103.7083471,1.3357468],[103.7068592,1.3361346],[103.7053651,1.3367287],[103.7051322,1.3368531],[103.7049477,1.3370162],[103.7047447,1.3373507],[103.7041513,1.3390613],[103.7040668,1.339381],[103.7039842,1.3400499],[103.7036392,1.3433134],[103.7035775,1.3436475],[103.7034626,1.3439808],[103.7027531,1.3449842],[103.7018921,1.3463245],[103.7014153,1.3471086],[103.7011834,1.3474424],[103.7010764,1.3475857],[103.7009647,1.3477012],[103.7008578,1.3477954],[103.7007609,1.3478647],[103.7005715,1.3479704],[103.7004211,1.3480255],[103.7002012,1.3480795],[103.6999976,1.3481068],[103.6988409,1.3482393],[103.6980778,1.3483266],[103.6973652,1.3484082],[103.6966762,1.3484861],[103.6965336,1.3485115],[103.6961868,1.3485583],[103.6959193,1.3486009],[103.6956994,1.3486468],[103.695459,1.3487088],[103.6950385,1.3488112],[103.694906,1.3488442],[103.6947654,1.34887],[103.6946016,1.3489096],[103.6944421,1.3489522],[103.6942903,1.3489973],[103.6941654,1.3490477],[103.6938213,1.3492514],[103.6932554,1.3496607],[103.6924634,1.3502196],[103.6912783,1.3510727],[103.6906163,1.3515502],[103.6904323,1.3516964],[103.6902731,1.3518539],[103.6901696,1.3519906],[103.690061,1.352187],[103.6899678,1.3524234],[103.6895133,1.3537888],[103.689379,1.3541112],[103.6892143,1.3544123],[103.6890431,1.3546515],[103.6888361,1.3548466],[103.6886289,1.354972],[103.6884064,1.3550473],[103.688229,1.355073],[103.6880557,1.3550734],[103.6878542,1.3550435],[103.6876546,1.3549714],[103.6875212,1.3548969],[103.687389,1.3548015],[103.6872874,1.3547044],[103.687157,1.3545359],[103.6870451,1.3543505],[103.6862833,1.3529658],[103.6861868,1.3527911],[103.6861055,1.3526245],[103.6860521,1.3524856],[103.6859606,1.3521678],[103.6858646,1.3516368],[103.6857949,1.3513076],[103.685714,1.3510739],[103.6856012,1.3508473],[103.6854133,1.3505824],[103.6852361,1.3504022],[103.6849776,1.350212],[103.6846226,1.3500412],[103.6843829,1.3499766],[103.6841298,1.3499313],[103.6837964,1.349888],[103.6835228,1.3498368],[103.6832574,1.3497608],[103.6830043,1.3496591],[103.6827532,1.3495282],[103.6818909,1.3490312],[103.6796336,1.3477227],[103.678582,1.34711],[103.6783346,1.3469336],[103.6781456,1.3467413],[103.6779705,1.3464804],[103.6778457,1.3461801],[103.6777921,1.3459321],[103.6777787,1.3457068],[103.6778081,1.3454387],[103.6779021,1.3450981],[103.6781435,1.3444304],[103.6790778,1.3420831]]}},{"type":"Feature","properties":{"id":"osm-rel-8312415","ref":"JRL","name":"MRT Jurong Regional Line (Pandan Reservoir → Tengah)","route":"subway","colour":"#8899aa","source":"osm-overpass"},"geometry":{"type":"LineString","coordinates":[[103.749339,1.3175053],[103.7486916,1.3176672],[103.7481966,1.3177999],[103.7451464,1.3184128],[103.7449303,1.3184582],[103.7446725,1.3185558],[103.7443399,1.3189467],[103.7442984,1.3193777],[103.7443304,1.319729],[103.7443689,1.3198588],[103.7452002,1.3214188],[103.7452809,1.3215973],[103.7453525,1.3218136],[103.745394,1.3219853],[103.745433,1.3221878],[103.7454649,1.3245274],[103.7453902,1.3251986],[103.7452498,1.3257877],[103.7449103,1.3271243],[103.7447788,1.3274716],[103.7446986,1.3276273],[103.7446255,1.3277558],[103.7445561,1.3278612],[103.7444497,1.3279987],[103.7443959,1.3280625],[103.7443173,1.328154],[103.7442264,1.3282454],[103.7433283,1.3291027],[103.7430981,1.3293572],[103.7427807,1.3296994],[103.7425842,1.3300442],[103.7424787,1.3304273],[103.742466,1.3308059],[103.7425117,1.33129],[103.7424906,1.3317846],[103.7424052,1.3320598],[103.7419367,1.3329005],[103.7413855,1.333947],[103.7408846,1.3350018],[103.7404108,1.3358779],[103.740247,1.3363462],[103.7402278,1.3367337],[103.7403511,1.3372388],[103.7406783,1.3377113],[103.7420581,1.3394351],[103.7427941,1.3404353],[103.743374,1.3410965],[103.7442794,1.3423238],[103.7445965,1.3430093],[103.7446502,1.3433937],[103.7446122,1.3437725],[103.7444773,1.344171],[103.744094,1.3446967],[103.7435475,1.3450485],[103.742981,1.3451694],[103.7405579,1.3453406],[103.7402078,1.3453967],[103.7386524,1.3457909],[103.7382813,1.3460045],[103.7380787,1.3462029],[103.7379557,1.3463863],[103.7378594,1.3465833],[103.7377996,1.3467997],[103.7377725,1.3470111],[103.7377647,1.3472589],[103.7377603,1.3486509],[103.7377446,1.3489772],[103.7376932,1.3493039],[103.7374828,1.3499766],[103.7372319,1.3506848],[103.7369572,1.3515605],[103.7364911,1.353041],[103.736281,1.3537859],[103.7361993,1.35405],[103.7361126,1.35428],[103.7359941,1.3545188],[103.735849,1.354747],[103.7357092,1.3549274],[103.735557,1.3551061],[103.7350677,1.355616],[103.7349327,1.3557731],[103.7343863,1.3562824],[103.7338609,1.3568024],[103.7329364,1.3577632],[103.73217,1.3586193],[103.7311485,1.3596924],[103.7302748,1.3605598],[103.7293669,1.3615424],[103.7291244,1.3618164],[103.7289373,1.3621008],[103.7288712,1.3622732],[103.7288224,1.3624622],[103.7287791,1.3626461],[103.7287723,1.3628031],[103.7287766,1.3630233],[103.7288086,1.3632029],[103.728965,1.3634426],[103.7290225,1.3636859],[103.7295526,1.3649628],[103.7297233,1.3656037],[103.7302846,1.3670552]]}},{"type":"Feature","properties":{"id":"osm-rel-8312416","ref":"JRL","name":"MRT Jurong Regional Line (Tengah → Pandan Reservoir)","route":"subway","colour":"#8899aa","source":"osm-overpass"},"geometry":{"type":"LineString","coordinates":[[103.7289563,1.3632289],[103.7289046,1.3630554],[103.728872,1.3628788],[103.7288614,1.3626751],[103.7288835,1.3624771],[103.7289342,1.3622935],[103.7289961,1.3621306],[103.7291657,1.3618621],[103.7294032,1.3615925],[103.7295654,1.3614229],[103.7311816,1.3597347],[103.7322197,1.3586565],[103.7330365,1.3578537],[103.7339584,1.3568947],[103.734449,1.3563681],[103.7350912,1.3556518],[103.7355871,1.3551327],[103.7357428,1.3549575],[103.735884,1.3547706],[103.7360241,1.3545506],[103.7361462,1.3543136],[103.7362524,1.3540818],[103.736363,1.3538226],[103.7366277,1.3530946],[103.7370991,1.3515988],[103.7373681,1.3507339],[103.7375943,1.3500103],[103.7377969,1.3493324],[103.7378472,1.3489935],[103.7378585,1.3486528],[103.7378664,1.3472681],[103.7378803,1.3470289],[103.7379105,1.346829],[103.7379682,1.3466463],[103.7380542,1.3464767],[103.7381673,1.3463128],[103.7383577,1.3461278],[103.7387001,1.3459276],[103.7406946,1.3454241],[103.741161,1.3453513],[103.7429843,1.3452225],[103.7435666,1.3450952],[103.7441263,1.3447482],[103.7445242,1.3442213],[103.7446755,1.343783],[103.7447123,1.3434018],[103.7446421,1.3429878],[103.744333,1.3422782],[103.7431529,1.3406785],[103.7421839,1.3393686],[103.7407352,1.3376908],[103.7404015,1.3372194],[103.7402783,1.3366912],[103.740309,1.3363346],[103.7404635,1.3358962],[103.7409942,1.3349051],[103.7414277,1.3339689],[103.7419909,1.3329314],[103.7423109,1.3323418],[103.7424189,1.3321604],[103.7425424,1.3317798],[103.7425635,1.3312804],[103.7425199,1.330809],[103.7425336,1.3304254],[103.7426342,1.330065],[103.7428184,1.3297398],[103.7431542,1.3293785],[103.743356,1.3291621],[103.7444475,1.3281179],[103.7445792,1.327989],[103.7447455,1.3277907],[103.744859,1.3276222],[103.7449505,1.3274414],[103.7449859,1.3273648],[103.7450653,1.3271327],[103.7453578,1.3259976],[103.7454669,1.3255362],[103.7455163,1.3251809],[103.7455728,1.3220941],[103.7455502,1.3218502],[103.7455246,1.3217196],[103.7454754,1.3215394],[103.7454092,1.3213672],[103.7452761,1.3210989],[103.7445013,1.3197653],[103.7444449,1.3196518],[103.7443866,1.3193804],[103.7444154,1.3189604],[103.7447062,1.3185999],[103.7449394,1.3185021],[103.7451606,1.3184599],[103.748205,1.3178355],[103.7487005,1.3177096],[103.7493503,1.3175434]]}},{"type":"Feature","properties":{"id":"osm-rel-8312417","ref":"JRL","name":"MRT Jurong Regional Line (Choa Chu Kang → Bahar Junction → Jurong Pier)","route":"subway","colour":"#8899aa","source":"osm-overpass"},"geometry":{"type":"LineString","coordinates":[[103.7440874,1.386129],[103.7441248,1.3853041],[103.7441685,1.3843413],[103.7442176,1.3833802],[103.7442203,1.3830149],[103.7442024,1.3827967],[103.7441732,1.3825784],[103.7441092,1.3822781],[103.7440393,1.3820658],[103.7439642,1.3819143],[103.7438753,1.3817714],[103.743764,1.3816304],[103.743638,1.3815045],[103.7434896,1.3813957],[103.7433158,1.3812921],[103.7429131,1.3811058],[103.7426882,1.3809934],[103.7424743,1.3808694],[103.7415519,1.3802461],[103.7406619,1.3795728],[103.7394204,1.3787316],[103.7391288,1.3785555],[103.7390747,1.3785228],[103.7385408,1.3781932],[103.735576,1.3761895],[103.7352605,1.3759507],[103.7349761,1.375705],[103.7334017,1.3741908],[103.7331155,1.3738504],[103.7328838,1.3735252],[103.7325911,1.3729887],[103.7323755,1.3724329],[103.7308728,1.3683779],[103.7305065,1.3673525],[103.7298482,1.3655619],[103.7289563,1.3632289],[103.7285725,1.3622454],[103.7282226,1.3613757],[103.7280422,1.3608495],[103.727642,1.3597896],[103.7275323,1.3594936],[103.7274835,1.3593729],[103.7274197,1.3592379],[103.7273079,1.359059],[103.7271602,1.358887],[103.7269726,1.3587217],[103.7266886,1.3584845],[103.7255878,1.3575533],[103.7253764,1.3573762],[103.7248048,1.3568915],[103.724515,1.3566198],[103.7242121,1.356323],[103.7236999,1.3558922],[103.7231407,1.355557],[103.7227893,1.3554336],[103.7224577,1.3553449],[103.7221402,1.3553006],[103.7218366,1.3552772],[103.7211489,1.3552653],[103.7204605,1.3552309],[103.7192055,1.355122],[103.7185957,1.3550671],[103.7182928,1.3550204],[103.7179716,1.3549469],[103.7173892,1.3547897],[103.7168078,1.3545751],[103.7162184,1.3542969],[103.715612,1.3539956],[103.715063,1.3537024],[103.7145749,1.353394],[103.7132625,1.3525041],[103.7124953,1.3520386],[103.710061,1.3503825],[103.7088966,1.3495153],[103.7077112,1.348711],[103.7070507,1.348328],[103.7059757,1.3476053],[103.7056575,1.3474106],[103.7053601,1.3472441],[103.7046051,1.3468606],[103.7033068,1.3462121],[103.7030766,1.3460688],[103.7029265,1.3459103],[103.7028526,1.3457872],[103.7027967,1.3456632],[103.70276,1.3455193],[103.7027498,1.3453258],[103.7027734,1.3451629],[103.7028158,1.3450296],[103.7034015,1.3441694],[103.7035741,1.3438495],[103.7036349,1.3436417],[103.703676,1.3433473],[103.7040593,1.3399859],[103.7040979,1.3397084],[103.7041919,1.3393879],[103.7049075,1.33742],[103.7050942,1.3370841],[103.7052444,1.3369452],[103.7054367,1.3368217],[103.706934,1.3362266],[103.7084004,1.3358389],[103.7087307,1.3357114],[103.70891,1.3355709],[103.7090804,1.3353428],[103.7091786,1.335072],[103.7091674,1.3346454],[103.7083247,1.3313346],[103.7082197,1.3308671],[103.7081744,1.3301936],[103.7082498,1.3292747],[103.7084055,1.3284917],[103.7087864,1.3271563],[103.7091771,1.3260091],[103.7095419,1.3245531],[103.709725,1.3235609],[103.7102943,1.3209101],[103.7103831,1.3204332],[103.7104009,1.3199602],[103.7103567,1.3196316],[103.7098595,1.3171606],[103.7098244,1.3169345],[103.7098286,1.3165951],[103.7100283,1.3151298],[103.7100926,1.3146954],[103.7102119,1.3143412],[103.7102165,1.3143276],[103.7103018,1.313891],[103.7106398,1.311719]]}},{"type":"Feature","properties":{"id":"osm-rel-9627856","ref":"TEL","name":"MRT Thomson–East Coast Line (Bayshore → Woodlands North)","route":"subway","colour":"#9D5B25","source":"osm-overpass"},"geometry":{"type":"LineString","coordinates":[[103.9444126,1.3137208],[103.9418723,1.3129413],[103.9406887,1.3125573],[103.9372004,1.3115671],[103.9363984,1.3113263],[103.9360065,1.3112106],[103.9358113,1.3111113],[103.9354835,1.3109285],[103.9352026,1.3107797],[103.9349575,1.3106862],[103.934749,1.3106155],[103.9344928,1.310541],[103.9342259,1.3104692],[103.9339982,1.3104161],[103.9337759,1.3103758],[103.933551,1.3103474],[103.9333605,1.3103384],[103.9331736,1.3103408],[103.9323499,1.3104143],[103.9321639,1.310423],[103.9319812,1.3104257],[103.9318077,1.3104239],[103.9316448,1.3104137],[103.9315403,1.3104031],[103.9314855,1.3103975],[103.9313293,1.3103742],[103.9311959,1.3103456],[103.9294189,1.3097936],[103.9287557,1.3095564],[103.9281649,1.3094304],[103.9271596,1.3092823],[103.9268582,1.3092476],[103.9265682,1.3091909],[103.9249515,1.3087209],[103.9247471,1.3086831],[103.9245362,1.3086603],[103.9227014,1.308412],[103.9205054,1.3079077],[103.9183841,1.3075452],[103.9169445,1.3072767],[103.915924,1.3070275],[103.9145862,1.30671],[103.9132507,1.3063806],[103.9108207,1.3058422],[103.9099135,1.30555],[103.9076646,1.3044301],[103.9070852,1.3040657],[103.9056713,1.3031001],[103.904412,1.3022401],[103.9030433,1.3012428],[103.9025564,1.3009836],[103.9021197,1.3008411],[103.901379,1.3007035],[103.9007391,1.3004637],[103.8993849,1.2996243],[103.8987883,1.2994086],[103.89742,1.2991685],[103.896878,1.2990734],[103.8961879,1.2989231],[103.8956332,1.2986738],[103.8948643,1.2982169],[103.8917416,1.2971968],[103.8909826,1.2970819],[103.8902371,1.2971752],[103.8877252,1.297805],[103.8864158,1.2978885],[103.8841474,1.2980333],[103.8821521,1.2978646],[103.8802022,1.2975507],[103.8772111,1.2970072],[103.8767273,1.2969499],[103.8763185,1.2969202],[103.8759438,1.2969241],[103.8756826,1.2969537],[103.8753205,1.2970246],[103.8750612,1.2970977],[103.8748198,1.2971474],[103.8747208,1.2971614],[103.874562,1.2971831],[103.8744404,1.2971818],[103.8743181,1.2971845],[103.8735375,1.2971533],[103.8721866,1.2970993],[103.8719709,1.2970882],[103.8717156,1.297089],[103.8714559,1.2970823],[103.8710311,1.2970773],[103.8706681,1.2970919],[103.8700802,1.2970533],[103.8696985,1.2969512],[103.8692205,1.2967707],[103.8689019,1.2965576],[103.8686302,1.2963252],[103.8683481,1.296044],[103.8681067,1.2956317],[103.8679293,1.2952921],[103.8678707,1.2950856],[103.8678265,1.2949128],[103.867805,1.2947138],[103.8677696,1.2944516],[103.8677878,1.2940755],[103.8678418,1.2937345],[103.8679219,1.2934159],[103.8680395,1.2931063],[103.8682185,1.2927093],[103.868907,1.2912203],[103.8694054,1.290157],[103.8708795,1.2874351],[103.8711093,1.2868508],[103.8712723,1.2862773],[103.8713379,1.2857118],[103.8713446,1.2851446],[103.8712465,1.2844742],[103.8710294,1.2839039],[103.8697485,1.2818585],[103.8686176,1.2800165],[103.8681811,1.2793234],[103.8671317,1.2777587],[103.8666645,1.2770277],[103.8664121,1.2766447],[103.8660905,1.2761568],[103.8658155,1.2758525],[103.8655644,1.2756354],[103.8648094,1.2751101],[103.8642987,1.2747544],[103.8632166,1.2740007],[103.8613624,1.2727092],[103.8608553,1.2724743],[103.8604509,1.2723475],[103.8600134,1.2723112],[103.8596404,1.2723198],[103.8590923,1.27241],[103.8587139,1.2725702],[103.8581693,1.2728886],[103.8562827,1.2741077],[103.855589,1.2745571],[103.8542496,1.275425],[103.8530299,1.2760541],[103.8520323,1.2766716],[103.8504545,1.2777205],[103.8499588,1.2780402],[103.8499102,1.27807],[103.8489808,1.2786389],[103.8480718,1.279196],[103.8477152,1.2794299],[103.8473088,1.2797861],[103.8470401,1.2800601],[103.8466934,1.2803183],[103.8463672,1.2805005],[103.8460051,1.2806299],[103.8456423,1.2807034],[103.8453829,1.2807242],[103.845104,1.280718],[103.8448715,1.2806954],[103.8444095,1.2805859],[103.8437244,1.2804076],[103.8431437,1.2802562],[103.8428096,1.2801785],[103.8426023,1.2801506],[103.842342,1.2801241],[103.8420531,1.280123],[103.8418228,1.2801579],[103.8414978,1.2802215],[103.841208,1.2803244],[103.8408894,1.2804676],[103.8404781,1.2807431],[103.8401171,1.2809717],[103.8393848,1.2814433],[103.8388919,1.2817636],[103.8384527,1.2820584],[103.8376297,1.282553],[103.8366697,1.2830208],[103.8364593,1.2831175],[103.8361524,1.2832776],[103.8357047,1.2835378],[103.8353151,1.2837923],[103.8349122,1.2840683],[103.8345192,1.2843709],[103.8342375,1.2846362],[103.8339482,1.2850181],[103.8338165,1.2852717],[103.8337602,1.2853973],[103.8336965,1.2855396],[103.8336444,1.2856854],[103.8336148,1.2858114],[103.8335676,1.2861566],[103.8335307,1.2866392],[103.8335297,1.2868318],[103.8335483,1.2875316],[103.8335414,1.2880766],[103.8335321,1.2888051],[103.8335507,1.2902531],[103.8335725,1.2906073],[103.8336126,1.2909913],[103.8337536,1.2926034],[103.8337644,1.2930623],[103.8337443,1.2932894],[103.8336629,1.2939189],[103.8335159,1.2946313],[103.833393,1.2952267],[103.8333043,1.2961079],[103.8332915,1.2964726],[103.8333505,1.296913],[103.8336132,1.2977605],[103.8338059,1.2983139],[103.8338768,1.2986104],[103.8339226,1.2990164],[103.8339111,1.2992975],[103.8338602,1.2995942],[103.8337377,1.2999608],[103.8336128,1.3002067],[103.8334052,1.300503],[103.8323288,1.3016713],[103.8312754,1.3028997],[103.8308359,1.30344],[103.8304351,1.3038729],[103.830067,1.3041564],[103.82961,1.3043851],[103.8290991,1.3045351],[103.8287472,1.3045566],[103.8284034,1.3045547],[103.8279762,1.3044838],[103.8273891,1.30426],[103.8270599,1.3040662],[103.8262039,1.3032523],[103.8259486,1.3030404],[103.8252306,1.3026964],[103.8244938,1.3025286],[103.8240017,1.3024259],[103.8232707,1.3022733],[103.8226518,1.3021942],[103.8219762,1.3022173],[103.8212869,1.3023806],[103.8206518,1.3026797],[103.8201551,1.3030353],[103.8197409,1.3034457],[103.8194509,1.3038166],[103.8192286,1.3041751],[103.8190555,1.3045644],[103.8189487,1.304985],[103.8188859,1.3053562],[103.8188169,1.305961],[103.8188375,1.3068023],[103.8188478,1.307377],[103.8188316,1.3079634],[103.8188532,1.3082615],[103.8189241,1.3086602],[103.8190521,1.3089827],[103.8191929,1.3093224],[103.8193609,1.3096186],[103.8196037,1.3099414],[103.8200045,1.3103111],[103.8203634,1.3105698],[103.8211738,1.3111186],[103.8214471,1.3112936],[103.8216915,1.3114476],[103.8218801,1.3116445],[103.8220484,1.3118711],[103.8222341,1.3122216],[103.8224248,1.3125937],[103.8229721,1.3137078],[103.8232975,1.3142621],[103.8252175,1.3169388],[103.8254496,1.3174094],[103.8255592,1.3177507],[103.8255994,1.3181987],[103.8255862,1.318627],[103.825477,1.319508],[103.8253939,1.3202597],[103.8253554,1.3205493],[103.8253538,1.3207434],[103.8253805,1.3210576],[103.8254441,1.3213807],[103.8255437,1.3217132],[103.826048,1.322858],[103.8266321,1.323996],[103.8272203,1.3250705],[103.827477,1.325494],[103.8276699,1.3257722],[103.8279133,1.3260239],[103.8281014,1.3261997],[103.8284705,1.3264542],[103.8289213,1.3266896],[103.830192,1.3270994],[103.8352319,1.3286602],[103.8369105,1.32918],[103.8379827,1.3294484],[103.8385154,1.3296242],[103.8390187,1.3298983],[103.8393179,1.3301398],[103.8395055,1.3303204],[103.8397292,1.3306115],[103.8399169,1.3309799],[103.8400319,1.331192],[103.8401136,1.3314086],[103.8401645,1.3317083],[103.8402191,1.3320645],[103.8401944,1.3332325],[103.8401402,1.3355145],[103.8401181,1.3375838],[103.8400851,1.3382138],[103.8400006,1.3386186],[103.8398645,1.3390608],[103.8397433,1.3393535],[103.8395679,1.3397371],[103.8394436,1.3400367],[103.8393307,1.3404364],[103.8392753,1.3408019],[103.8392625,1.3411339],[103.8392286,1.3417208],[103.8391561,1.3424585],[103.838793,1.3437064],[103.8387261,1.3441411],[103.8387004,1.3446624],[103.8386978,1.3453311],[103.8385828,1.3462165],[103.8383202,1.3469215],[103.8379586,1.3477748],[103.8375802,1.3485296],[103.8370255,1.3493951],[103.8362835,1.3502898],[103.8360468,1.3506231],[103.8358468,1.3510175],[103.8355623,1.3518313],[103.835434,1.3521153],[103.8352661,1.3523777],[103.8350204,1.35266],[103.8344768,1.3531533],[103.8339171,1.3536654],[103.8335506,1.3540191],[103.8331751,1.3542926],[103.8326577,1.3545684],[103.832144,1.3548309],[103.8313565,1.3552333],[103.831149,1.3553341],[103.830588,1.3556829],[103.8303019,1.3559283],[103.8297841,1.3564178],[103.8292725,1.3569527],[103.8289584,1.3573318],[103.8288057,1.3577459],[103.8287463,1.3580244],[103.8287237,1.3583191],[103.8287404,1.358637],[103.8287756,1.3589249],[103.828829,1.359154],[103.8290437,1.3596341],[103.8293236,1.3600514],[103.8296731,1.3605334],[103.8306223,1.361353],[103.831361,1.3619888],[103.8321376,1.3626605],[103.8333978,1.3637771],[103.8342219,1.3645129],[103.8347509,1.3650044],[103.8350461,1.3653116],[103.8352582,1.3655661],[103.8354134,1.3657896],[103.8355768,1.3661092],[103.8357965,1.3667593],[103.8363414,1.3697208],[103.8364544,1.3703621],[103.8365209,1.3707121],[103.8366765,1.3715713],[103.8367807,1.3721639],[103.8368618,1.3725169],[103.8369702,1.3729577],[103.8370792,1.3733755],[103.8371695,1.3737205],[103.8371972,1.3737929],[103.8372816,1.3739853],[103.8374713,1.3743016],[103.8377065,1.3745899],[103.8378947,1.3747607],[103.8388003,1.3755655],[103.8390836,1.3759181],[103.8392693,1.3762613],[103.8394112,1.376632],[103.8395125,1.377169],[103.8397124,1.3789824],[103.8397648,1.3794792],[103.8397697,1.3795255],[103.8397178,1.3801125],[103.8395498,1.3806776],[103.8391862,1.3814369],[103.8378921,1.3834014],[103.8372306,1.3842098],[103.8365447,1.3848576],[103.8361175,1.385261],[103.835632,1.3857001],[103.8352781,1.3860289],[103.834747,1.386387],[103.8317333,1.3879283],[103.8258209,1.3909157],[103.8238248,1.391779],[103.8224101,1.3926441],[103.8208066,1.3942548],[103.8192854,1.3955904],[103.81892,1.3960192],[103.818628,1.3965801],[103.8183298,1.3973167],[103.8179898,1.3982006],[103.8176632,1.399108],[103.817251,1.4004284],[103.8169251,1.4010264],[103.8166429,1.4013745],[103.8163044,1.4016875],[103.8159088,1.4019414],[103.8155611,1.4021001],[103.8152209,1.4021984],[103.8146551,1.4022781],[103.8135698,1.40232],[103.8131276,1.4023728],[103.8125505,1.4025492],[103.8120791,1.4027646],[103.81175,1.4029794],[103.8114514,1.4032586],[103.8111842,1.4035944],[103.8107852,1.4041714],[103.8098512,1.4053233],[103.8093078,1.406104],[103.8087389,1.4069873],[103.8084791,1.4075048],[103.807927,1.4088081],[103.8072403,1.4106415],[103.8071327,1.411025],[103.8070538,1.4115448],[103.8070029,1.4120302],[103.8069567,1.4123744],[103.8068811,1.412682],[103.8067281,1.4130398],[103.8065143,1.413372],[103.8061421,1.4138721],[103.8056265,1.4145122],[103.8053857,1.4148181],[103.8046881,1.4156041],[103.8036371,1.4165414],[103.802735,1.4172916],[103.8024879,1.4175284],[103.8022547,1.4177568],[103.8020571,1.4179726],[103.8018168,1.418254],[103.8004156,1.4200583],[103.7986092,1.4223842],[103.7982517,1.422856],[103.7972563,1.4240535],[103.7963804,1.42535],[103.7960011,1.4259062],[103.7956884,1.4262208],[103.7953567,1.426462],[103.7951138,1.4266175],[103.7948829,1.4267397],[103.7945109,1.4269407],[103.7942583,1.4270636],[103.7937391,1.4272734],[103.7929148,1.4275618],[103.7912302,1.4281876],[103.7903407,1.428534],[103.7900598,1.4286591],[103.7897756,1.428802],[103.78951,1.4289351],[103.7892403,1.4291215],[103.7886484,1.4296487],[103.7882835,1.4301441],[103.7880681,1.4305721],[103.7878741,1.4310939],[103.7877886,1.4315484],[103.7877392,1.4321732],[103.7878453,1.4329262],[103.7880906,1.4339571],[103.7880966,1.434248],[103.788098,1.4345395],[103.7880005,1.435373],[103.7878791,1.4362389],[103.7877648,1.4371778],[103.7877561,1.4372491],[103.7877346,1.4375135],[103.7877445,1.4378111],[103.7877912,1.4382921],[103.7879085,1.438732],[103.7881089,1.4391751],[103.788387,1.439585],[103.7887619,1.4401613],[103.7889821,1.4407531],[103.789066,1.4414562],[103.7890064,1.442015],[103.7887929,1.4426494],[103.7879246,1.44406],[103.7870538,1.4456997],[103.7868388,1.4461011],[103.7862774,1.4471921],[103.7856473,1.4483791]]}},{"type":"Feature","properties":{"id":"osm-rel-9663107","ref":"SKLRT","name":"LRT Sengkang Line (East Loop ↺)","route":"light_rail","colour":"#748477","source":"osm-overpass"},"geometry":{"type":"LineString","coordinates":[[103.8959984,1.3932363],[103.8958378,1.3928692],[103.8955091,1.3917432],[103.8954192,1.3914759],[103.895192,1.3908003],[103.8948394,1.3899163],[103.8945695,1.3890497],[103.8944827,1.388764],[103.8943349,1.3882996],[103.8940295,1.3872971],[103.894017,1.3871358],[103.8940456,1.386976],[103.8941305,1.3868057],[103.8942361,1.3866873],[103.894381,1.3865894],[103.8947269,1.3864406],[103.8950754,1.3862775],[103.8954148,1.38607],[103.8956355,1.3858938],[103.8958352,1.3857124],[103.896621,1.3848707],[103.8970492,1.3844282],[103.8971299,1.3843446],[103.8974023,1.3840757],[103.8974625,1.3840165],[103.8975518,1.3839284],[103.8976618,1.3838192],[103.8979708,1.3835121],[103.8983729,1.3831063],[103.8996378,1.3820231],[103.8998428,1.3818691],[103.9000634,1.3817464],[103.9003506,1.3816342],[103.9007892,1.3815128],[103.9009694,1.3814854],[103.9011104,1.3814841],[103.9012344,1.381505],[103.9013492,1.3815572],[103.9014746,1.3816381],[103.901592,1.3817647],[103.9016795,1.3819043],[103.9017304,1.3820583],[103.9018035,1.3825085],[103.9018518,1.3830514],[103.9018688,1.3832511],[103.9019249,1.3834821],[103.9020711,1.3837888],[103.9021654,1.3839731],[103.9024001,1.3844322],[103.9025521,1.3847166],[103.9028792,1.3853287],[103.902951,1.3854514],[103.9032437,1.3859514],[103.903711,1.3865048],[103.9039943,1.3868075],[103.9053557,1.3881045],[103.9065437,1.3892362],[103.9066808,1.3894411],[103.9067644,1.3896473],[103.906814,1.3898743],[103.9068231,1.3900792],[103.9067839,1.390288],[103.9067278,1.3904759],[103.9066234,1.39069],[103.906455,1.3909184],[103.9062814,1.3911154],[103.9059474,1.3914623],[103.9054759,1.3919519],[103.9050582,1.39235],[103.9045908,1.3927049],[103.9040948,1.3930181],[103.9034891,1.393334],[103.9031836,1.3934749],[103.9017281,1.3940087],[103.9006134,1.3944095],[103.9004243,1.3944795],[103.8997569,1.3947264],[103.8992099,1.3949209],[103.8978915,1.3952262],[103.8975965,1.3952824],[103.8974111,1.3952797],[103.897261,1.3952471],[103.8970952,1.395174],[103.8969346,1.3950435],[103.8967864,1.39485],[103.8964057,1.394057],[103.8961498,1.3936002],[103.8959984,1.3932363]]}},{"type":"Feature","properties":{"id":"osm-rel-9663108","ref":"SKLRT","name":"LRT Sengkang Line (West Loop ↺)","route":"light_rail","colour":"#748477","source":"osm-overpass"},"geometry":{"type":"LineString","coordinates":[[103.8940405,1.3875305],[103.8944102,1.3887511],[103.8945818,1.3892684],[103.8947993,1.3899391],[103.8953026,1.3915123],[103.8953902,1.3917862],[103.8957905,1.3928545],[103.8958138,1.3929019],[103.8961266,1.3936178],[103.8963459,1.3940471],[103.8965341,1.39441],[103.8966031,1.3946331],[103.8966476,1.3948426],[103.8966477,1.3950075],[103.8966215,1.3951527],[103.8965421,1.3953039],[103.8964425,1.3954359],[103.8963548,1.395508],[103.8962552,1.3955668],[103.8960691,1.3956172],[103.8952571,1.3958096],[103.8948608,1.3959148],[103.8942862,1.3960993],[103.8939899,1.3961874],[103.893784,1.3962586],[103.8937774,1.3962609],[103.8928243,1.3965886],[103.8921115,1.3967784],[103.8915313,1.3968898],[103.8905862,1.397003],[103.8900058,1.3970391],[103.8892185,1.3971491],[103.8887773,1.3972108],[103.8880293,1.3973394],[103.8864935,1.3975602],[103.8850356,1.3977623],[103.884414,1.3978232],[103.8826366,1.3980335],[103.8812465,1.3981769],[103.879952,1.3983104],[103.8785327,1.3984447],[103.8765099,1.3986289],[103.8763107,1.398621],[103.8761008,1.3985593],[103.8759525,1.3984592],[103.8758451,1.3983293],[103.8757462,1.398084],[103.8757224,1.3979267],[103.8756748,1.3973567],[103.8756368,1.3969021],[103.8755951,1.396384],[103.8755792,1.3961708],[103.87558,1.3959505],[103.8756186,1.3957288],[103.8757562,1.3952114],[103.875842,1.3949122],[103.8759021,1.3945678],[103.8759137,1.3942309],[103.8758248,1.3933837],[103.8757991,1.3929461],[103.8758299,1.3927786],[103.8758802,1.3926236],[103.8760463,1.3922873],[103.8762025,1.3920881],[103.8763044,1.3919141],[103.8763748,1.3917938],[103.8764957,1.391593],[103.8765707,1.3914962],[103.8766797,1.3914053],[103.8767653,1.3913483],[103.8769087,1.3912821],[103.877045,1.3912646],[103.8771793,1.3912682],[103.8773218,1.3913002],[103.8775758,1.391393],[103.8790591,1.3919734],[103.8794398,1.3921242],[103.8796134,1.3921598],[103.8798238,1.3921688],[103.8800229,1.3921689],[103.8803669,1.3921403],[103.8809571,1.3921396],[103.8811969,1.3920712],[103.88184,1.391856],[103.8821584,1.3917167],[103.8821808,1.3917039],[103.882464,1.3915422],[103.8840093,1.3905617],[103.8842076,1.3904408],[103.8843423,1.3903586],[103.8849097,1.3900126],[103.8854971,1.3896717],[103.8858501,1.3894451],[103.8862311,1.3892004],[103.8867908,1.3888308],[103.8875026,1.3883897],[103.8879378,1.3881511],[103.8883759,1.3878859],[103.8892845,1.3872936],[103.8896127,1.3870893],[103.889816,1.3869905],[103.8905423,1.3867697],[103.8909574,1.3866516],[103.8912523,1.3865999],[103.8916031,1.3866004],[103.892195,1.3866184],[103.8928817,1.3867021],[103.8930627,1.3867149],[103.8933099,1.386718],[103.8934743,1.3867395],[103.8936177,1.3867925],[103.8937223,1.3868796],[103.8938029,1.387],[103.893856,1.3871537],[103.8939247,1.3873431],[103.8940405,1.3875305]]}}]}
